CREATE DATABASE  IF NOT EXISTS `tourism` /*!40100 DEFAULT CHARACTER SET utf8mb4 COLLATE utf8mb4_0900_ai_ci */ /*!80016 DEFAULT ENCRYPTION='N' */;
USE `tourism`;
-- MySQL dump 10.13  Distrib 8.0.34, for Win64 (x86_64)
--
-- Host: localhost    Database: tourism
-- ------------------------------------------------------
-- Server version	8.0.35

/*!40101 SET @OLD_CHARACTER_SET_CLIENT=@@CHARACTER_SET_CLIENT */;
/*!40101 SET @OLD_CHARACTER_SET_RESULTS=@@CHARACTER_SET_RESULTS */;
/*!40101 SET @OLD_COLLATION_CONNECTION=@@COLLATION_CONNECTION */;
/*!50503 SET NAMES utf8 */;
/*!40103 SET @OLD_TIME_ZONE=@@TIME_ZONE */;
/*!40103 SET TIME_ZONE='+00:00' */;
/*!40014 SET @OLD_UNIQUE_CHECKS=@@UNIQUE_CHECKS, UNIQUE_CHECKS=0 */;
/*!40014 SET @OLD_FOREIGN_KEY_CHECKS=@@FOREIGN_KEY_CHECKS, FOREIGN_KEY_CHECKS=0 */;
/*!40101 SET @OLD_SQL_MODE=@@SQL_MODE, SQL_MODE='NO_AUTO_VALUE_ON_ZERO' */;
/*!40111 SET @OLD_SQL_NOTES=@@SQL_NOTES, SQL_NOTES=0 */;

--
-- Table structure for table `bookings`
--

DROP TABLE IF EXISTS `bookings`;
/*!40101 SET @saved_cs_client     = @@character_set_client */;
/*!50503 SET character_set_client = utf8mb4 */;
CREATE TABLE `bookings` (
  `CustomerId` int NOT NULL,
  `CustomerName` varchar(500) CHARACTER SET utf8mb3 COLLATE utf8mb3_general_ci DEFAULT NULL,
  `CustomerAddress` varchar(500) CHARACTER SET utf8mb3 COLLATE utf8mb3_general_ci DEFAULT NULL,
  `CustomerPhone` varchar(500) DEFAULT NULL,
  `CustomerEmail` varchar(500) CHARACTER SET utf8mb3 COLLATE utf8mb3_general_ci DEFAULT NULL,
  `TourId` int DEFAULT NULL,
  PRIMARY KEY (`CustomerId`),
  KEY `FK_Bookings_Tours` (`TourId`),
  CONSTRAINT `FK_Bookings_Tours` FOREIGN KEY (`TourId`) REFERENCES `tours` (`TourId`)
) ENGINE=InnoDB DEFAULT CHARSET=utf8mb4 COLLATE=utf8mb4_0900_ai_ci;
/*!40101 SET character_set_client = @saved_cs_client */;

--
-- Dumping data for table `bookings`
--

LOCK TABLES `bookings` WRITE;
/*!40000 ALTER TABLE `bookings` DISABLE KEYS */;
INSERT INTO `bookings` VALUES (363,'Cheryl Dean','612 Paula Pike, New Suzanne, NM 02092','218.694.3717x5541','castilloangel@example.org',5527),(662,'Benjamin Edwards','65257 Barbara Avenue, Wendyport, WI 66417','+1-205-279-6624x5724','markjones@example.net',26133),(1879,'David Wright','252 Thompson Key, Cynthiatown, WY 04734','(296)487-9061','jcombs@example.net',26528),(4467,'Leslie Anderson','8346 Frederick Place, Marchaven, UT 53223','876.756.5620','john62@example.net',29579),(4775,'Keith Schneider','USNV Carrillo, FPO AA 22162','001-862-992-1105x95867','brandon78@example.com',26308),(6014,'Nicole King','99590 Amanda Overpass, Frankfurt, VA 10948','001-728-333-6358x807','tammycrawford@example.net',56097),(6795,'Andrew Freeman','8039 Alexander Freeway Apt. 360, Lisaside, NY 92330','+1-848-311-3788x486','owebb@example.org',79652),(11230,'Stephen Scott','027 Lori Rue Suite 578, Lake Stephanie, RI 74122','(900)682-7529x322','jacksonmelissa@example.com',24746),(13819,'Julia Morris','4876 Anthony Tunnel, North Destiny, AZ 92151','3773207837','fduncan@example.net',45660),(14383,'Karen Coleman','9511 Jack Fields, Leechester, MT 90506','001-765-865-6368x168','michellelee@example.com',4185),(15031,'Jennifer Mueller','1421 Veronica Corners Suite 022, North Adamtown, MT 43727','+1-345-510-6438x1267','jeanette58@example.org',58412),(17401,'Deborah Harrison','71610 Tina Center Apt. 839, Lake Amberstad, MS 18777','(646)549-2193x553','reillyangela@example.com',29579),(18410,'Charles Shelton','2652 Stacey Brook Apt. 241, North Noahchester, ND 88413','266.307.5985x81946','rogersthomas@example.net',37612),(18824,'Alyssa Stephens','9924 Raymond Underpass, Port Dennisshire, GU 25882','001-214-766-3008x89472','sarah80@example.net',45660),(19150,'Carol Gonzalez','3117 Ryan Grove Apt. 418, South Allisontown, MA 74565','293.505.1271x32551','espinozajasmine@example.com',53428),(19501,'Thomas Myers','217 Mann Extensions, New Ryanchester, CO 12205','218.595.5535','michael68@example.org',38237),(19690,'Jennifer Delgado MD','6222 Philip Village, Robertmouth, AK 67243','+1-835-730-9047','hendersonjames@example.org',20537),(19794,'Steven Dougherty','173 Porter Unions Suite 767, Millerchester, MS 68834','(727)305-6009x23935','carlsonchristian@example.org',39400),(20229,'Larry Davidson','7549 Wesley Hollow Suite 233, Johnsonville, PW 65849','389.857.4385x0556','veronicabrowning@example.net',56792),(20741,'Kyle Mendoza','796 Ellis Station Suite 501, Shawnside, WI 27002','405-734-6729x172','cartergregory@example.net',20537),(21171,'Andrew Evans','5349 Martinez Lodge Apt. 177, Hartmanberg, WY 02758','001-228-389-9371x13021','jacobsonmichelle@example.org',75673),(21373,'Crystal Johnson','76935 Barry Common Suite 972, West Richardshire, FM 47774','(280)203-8860x00986','sarahadams@example.net',44018),(21866,'Dr. Tyrone Barron','96742 Bradley Islands, Port Kristamouth, LA 31554','352-695-7332x196','biancathomas@example.net',49144),(22106,'Kimberly Morales','070 Collins Burgs Suite 500, Nathanville, ID 22818','754.543.2857','savannah03@example.com',20783),(22606,'Stephanie Daniel','692 Taylor Ports Apt. 930, Reginabury, GU 62290','(819)467-0282x59177','davidstone@example.org',65864),(23044,'Jessica Rogers','6138 Owens Fords, Collinston, PW 40898','221.433.1560x740','thomas27@example.org',93546),(23105,'Raymond Peterson','937 Taylor Loop Suite 077, Nguyenville, MI 92226','001-369-777-8936x8857','millssara@example.org',44018),(23232,'Crystal Garcia','4329 Wood Hill Suite 700, East Judy, LA 74784','4236147255','mcdonaldchristopher@example.net',39990),(24904,'John Herrera','1848 Taylor Causeway Suite 240, Nathanhaven, WV 55036','001-850-244-7188','wilsoncorey@example.net',85983),(26834,'Christian Clark','577 Gonzalez Run, Melissachester, PA 98281','+1-540-813-8826x643','michellemendez@example.com',75681),(29593,'Jordan Hancock','475 Tonya Pass Apt. 430, West Shaneburgh, AK 41782','(914)849-7758x726','isanchez@example.net',36897),(30468,'Pamela Rivera','42679 Ronald Pines Suite 502, New Benjaminmouth, TX 64636','(642)738-8062x14374','rmaxwell@example.net',881),(31128,'Kristin Barron PhD','78046 John Lakes, Roberthaven, PW 78386','(726)729-4253x9907','robert14@example.org',20783),(31481,'Julie James','097 Scott Pines, Rosefort, MA 91756','428-491-7521x49824','gutierrezstephen@example.net',66706),(31495,'Scott Hill','844 Craig Radial Apt. 516, Danielland, MI 70202','001-224-486-4675x546','jackjohnson@example.org',49956),(31536,'Brian Johnson','626 Adams Grove, Bonnieport, VI 43023','+1-842-777-5492x325','ffleming@example.com',49956),(33331,'Joseph Young','906 Medina Drives, Anthonyview, WA 53458','502-793-0260','abigail95@example.com',44304),(36672,'Richard Campos','553 Jacob Manors, Chavezhaven, CO 09976','001-589-286-5792x06355','parkerlarry@example.com',58412),(38766,'Travis Brown','9795 Williams Valleys Suite 435, Catherineburgh, VT 62494','+1-956-228-3802','johnsonsamantha@example.com',20537),(38963,'Michael Newman','88443 Zachary Mission Apt. 467, Meganchester, MI 46947','001-792-547-7031x9519','cheyenne09@example.org',53428),(42031,'Beth Russell','34034 Campbell Parkway, Port Christine, MA 66389','628-257-0419','swilliams@example.org',77985),(42685,'Kevin Alvarez','8440 Mark Mill Apt. 469, West Stephenfort, TN 29460','(601)781-2958','peter66@example.org',75673),(43525,'Haley Harding','170 Darren Vista Apt. 198, New Kayla, NH 17366','001-396-382-2705x16775','licarol@example.org',31395),(44268,'Steven Morton','8540 Kevin Valley Suite 421, Richardsonshire, MD 47149','729-392-8758','umacias@example.net',34672),(46170,'Kevin Murphy','489 Whitney Loaf, New Jenna, CA 93368','(715)619-2624x23550','jessicagriffin@example.org',36897),(46458,'Gerald Rivera','612 Jessica Freeway, New Denise, UT 17606','818-627-4742x88836','hortontiffany@example.com',53428),(47866,'Mark Mclaughlin','232 Daniel Road Apt. 565, Hollowaystad, OH 42593','925.875.5476','johnsonkeith@example.com',69183),(48745,'Shelly Brown','0380 Massey Lodge Suite 801, Robertside, FL 90360','+1-996-784-2680','madison49@example.net',31395),(49341,'Lisa Nunez','9295 Ashley Route, South Jeffrey, NM 58984','001-286-841-7169x947','william46@example.com',23591),(50031,'Brett Jones','PSC 0905, Box 3082, APO AE 16007','299-680-5861x672','lesliepowers@example.net',34672),(51169,'Timothy Padilla','2510 Kevin Prairie Suite 024, Brownville, PW 39887','+1-693-773-2322','bweber@example.net',29411),(51735,'Joshua Hunt','0039 Joshua Square, East Virginia, HI 97981','721.717.7216x32376','nmckinney@example.com',54363),(53565,'Lisa Martinez','402 Christopher Turnpike Suite 272, North Kevin, IA 73121','(415)637-4233','davidbrock@example.org',27372),(55570,'Cynthia Williams','37643 Courtney Lodge, Kimberlytown, WI 91835','2888408493','fdawson@example.net',75681),(55783,'David Phillips','695 Sandra Green, East Dawnberg, KY 98288','910.902.7645x822','kathryn69@example.org',55513),(56987,'Anthony Yang','11865 Alexander Trail Apt. 233, North Nicole, WA 16187','930.896.5573x0772','knoxlauren@example.com',13851),(57213,'Jon Lane','47344 Jerry Crossroad Apt. 139, North Crystal, VA 02078','734-948-3973','todd70@example.com',44278),(59056,'John Hoover','60811 Johns Fields, East Timothy, WI 25293','+1-484-211-3414x258','comptonmarc@example.org',53440),(59072,'Margaret Martinez','80237 Jason Tunnel Apt. 494, Port Rebeccamouth, VI 30922','001-819-820-2094x702','howardcharles@example.net',56803),(59720,'Christopher Griffin','9865 Choi Streets, Port Corey, IA 23184','(470)587-1392x51421','fernandezchris@example.com',35026),(59889,'Linda Powell','265 Rodgers Ramp, North Philipbury, AR 14969','883.859.5621','brianacosta@example.org',85983),(61885,'Michelle Rodriguez','4699 Kevin Drive, Lake Colleen, GA 17515','2535598831','brianmahoney@example.org',68386),(63542,'Richard Cortez','60978 Holly Mission Apt. 796, Veleztown, TN 63205','964.421.0716','randallmelody@example.org',93522),(64440,'Caitlin Mcfarland','983 Michael Throughway, North Sharon, MN 17761','(396)667-4505x9055','randall44@example.org',23591),(64703,'Joseph Snyder','Unit 7666 Box 7113, DPO AA 21145','635.493.0997x319','prodriguez@example.net',36309),(65822,'Tiffany Ritter','1577 Parks Place, West Nicoleborough, SD 70407','839.871.8248','glewis@example.net',87094),(67297,'Donna Sullivan','281 Miller View Apt. 454, North Markhaven, PA 77278','610-711-0970','xbell@example.com',5169),(67346,'Sharon Lee','0150 Garrison Union, East Aaron, MN 80728','001-666-208-7128x38972','gibsonamy@example.com',90275),(67375,'Laura Johnson','919 Grace Trail, Port Juliabury, VA 15442','988.688.5819x365','catherinefisher@example.net',53440),(69453,'Kimberly Porter','PSC 3867, Box 8713, APO AP 46335','001-739-630-2532x9739','nguyenjonathan@example.com',13851),(69568,'James Mayo','76211 Heather Run, Port Kentland, UT 54874','235-302-7601x8598','carterjohn@example.net',55015),(71069,'Gerald Knox','Unit 9819 Box 4872, DPO AA 44236','474-981-8773x09672','michael08@example.com',26528),(73212,'Andrea Lewis','PSC 5503, Box 7570, APO AP 21773','753-243-5607','markparrish@example.net',59243),(74079,'Sharon Smith','552 Kathleen Mission Apt. 653, Port Michaelhaven, AK 49277','(325)379-3469x91291','aprilallen@example.org',73907),(74137,'Derek Green','1573 Lisa Rest Apt. 590, Balltown, DE 66118','929.834.7930','pzhang@example.com',26308),(74674,'Jennifer Wall','80156 Salazar Loaf, Chamberschester, CO 27971','(656)575-0768x253','melissabrown@example.net',57831),(75493,'Shelly Maxwell','17635 Guzman Pass, West Jay, WY 51495','(938)850-0057x476','reidsarah@example.com',35026),(75843,'Robin Huynh','553 William Branch Apt. 910, Gomezview, WA 96027','(495)241-0691x012','wlindsey@example.org',44304),(77911,'Matthew Duncan','0716 Miller Fords Suite 542, North Anthony, DC 49435','+1-316-563-7638x6133','kwerner@example.net',5169),(78446,'Shirley Flores','PSC 8775, Box 3933, APO AE 44271','+1-506-586-8236x971','laurawarren@example.com',49144),(79126,'Andrea Flores','4785 Archer Forge, West Danielleberg, WI 17861','001-627-746-7572x924','fdavidson@example.net',31395),(80176,'James Ward','46939 Debra Plains Suite 346, Bowmanhaven, PR 70375','(641)239-0115','jasonbailey@example.net',53428),(81136,'Bruce Frost','78739 Brenda Inlet Apt. 965, New Mathew, MA 48716','+1-448-587-9466x269','cherylporter@example.com',9687),(83546,'Ronald Murphy','8759 Smith Bypass, Rebeccaside, NV 16336','353-678-0998','erinmedina@example.com',53428),(84034,'Charles Bell','889 Alan Shores, East Williammouth, WI 13575','918.305.9892x82116','alexis61@example.com',5169),(84048,'Anthony Mclaughlin','795 Jacob Cliffs Suite 202, Kimberlyhaven, OR 12575','+1-687-738-9995','erikadams@example.com',39990),(85637,'John Buchanan','5381 Justin Shoals, Hernandezside, DE 75953','(453)982-7965x91056','aprilkennedy@example.org',12878),(87585,'Joseph Olson','889 Crane Square Apt. 464, Port Jamesside, VA 41448','001-622-301-1950x864','blairjoseph@example.org',98080),(89534,'Joshua Brown','276 Shelton Square Apt. 443, North Stacy, UT 40865','345.794.4440x811','wrightrebecca@example.com',22403),(90045,'Jeffery Bennett','12132 Diana Island, Port Jefferyview, OR 60921','940.635.9438','jacobflores@example.net',31395),(91343,'Jeremy Crawford','21053 Amber Row Apt. 157, South Sylvia, CT 60837','398.437.6219x02010','burtonmary@example.org',53440),(92176,'Christopher Ayers','558 Mayo Locks, North Jesseland, MP 26936','001-935-472-7707x25993','douglas26@example.net',58642),(93286,'Matthew Mclaughlin','84574 Wright Cape Apt. 943, North Williamton, CA 74086','797.618.9962x013','igonzalez@example.com',5527),(93802,'Jacob Jimenez','79273 Carson Trafficway, Longmouth, AS 39600','(691)875-8606x9092','nelsonjames@example.com',46537),(94219,'Courtney Cook','6390 Colleen Greens, Angelachester, SC 85404','001-602-927-5301','mikesmith@example.net',67169),(97555,'Kathryn Oconnor','418 Henry Trail, Wardside, SC 85373','+1-292-690-5785','jacob19@example.net',65864),(98599,'Jeffrey Smith','1668 Chung Course Suite 547, Port Georgeberg, CT 95796','001-547-236-6790x3518','michael65@example.com',81886),(99156,'Bryan Mitchell','76279 Richards Alley, Port Josephland, OR 67064','+1-921-772-0112','rachael54@example.com',10276),(99543,'Nicholas Alvarado','9292 Cameron Trace, Port Calvinview, DC 88496','(744)323-3506','kennedykatie@example.net',91275),(99935,'Mary Chandler','290 Duncan Shoals, Wattsfurt, NH 61445','462.505.0619','clarkheather@example.com',27372);
/*!40000 ALTER TABLE `bookings` ENABLE KEYS */;
UNLOCK TABLES;

--
-- Table structure for table `destinations`
--

DROP TABLE IF EXISTS `destinations`;
/*!40101 SET @saved_cs_client     = @@character_set_client */;
/*!50503 SET character_set_client = utf8mb4 */;
CREATE TABLE `destinations` (
  `DestinationId` int NOT NULL,
  `Thumbnail` varchar(500) CHARACTER SET utf8mb3 COLLATE utf8mb3_general_ci DEFAULT NULL,
  `ImageList` longtext,
  PRIMARY KEY (`DestinationId`)
) ENGINE=InnoDB DEFAULT CHARSET=utf8mb4 COLLATE=utf8mb4_0900_ai_ci;
/*!40101 SET character_set_client = @saved_cs_client */;

--
-- Dumping data for table `destinations`
--

LOCK TABLES `destinations` WRITE;
/*!40000 ALTER TABLE `destinations` DISABLE KEYS */;
INSERT INTO `destinations` VALUES (980,'https://dummyimage.com/384x493','https://dummyimage.com/813x799,https://dummyimage.com/793x258,https://placekitten.com/400/909,https://placekitten.com/533/903,https://dummyimage.com/888x576'),(5280,'https://placekitten.com/893/144','https://placekitten.com/5/99,https://dummyimage.com/55x153,https://placekitten.com/306/446,https://placekitten.com/409/830,https://picsum.photos/445/435'),(6759,'https://picsum.photos/276/364','https://placekitten.com/119/45,https://picsum.photos/978/464,https://picsum.photos/124/445,https://picsum.photos/602/929,https://dummyimage.com/790x835'),(7460,'https://placekitten.com/608/255','https://placekitten.com/326/976,https://placekitten.com/269/698,https://dummyimage.com/81x140,https://picsum.photos/382/336,https://dummyimage.com/932x803'),(7859,'https://dummyimage.com/419x356','https://placekitten.com/773/680,https://placekitten.com/430/947,https://picsum.photos/926/962,https://picsum.photos/589/431,https://picsum.photos/721/53'),(9148,'https://placekitten.com/460/190','https://picsum.photos/555/195,https://dummyimage.com/326x197,https://dummyimage.com/807x710,https://placekitten.com/5/246,https://dummyimage.com/641x620'),(9741,'https://placekitten.com/225/860','https://dummyimage.com/786x457,https://dummyimage.com/399x790,https://dummyimage.com/1014x112,https://picsum.photos/341/789,https://placekitten.com/635/329'),(10758,'https://dummyimage.com/323x409','https://picsum.photos/736/879,https://picsum.photos/750/987,https://dummyimage.com/1016x842,https://picsum.photos/952/520,https://placekitten.com/676/972'),(11324,'https://dummyimage.com/635x151','https://placekitten.com/579/25,https://dummyimage.com/101x596,https://dummyimage.com/656x1022,https://placekitten.com/731/68,https://picsum.photos/175/355'),(11855,'https://dummyimage.com/947x819','https://dummyimage.com/429x687,https://dummyimage.com/262x155,https://placekitten.com/338/298,https://placekitten.com/514/736,https://placekitten.com/75/132'),(12719,'https://picsum.photos/8/9','https://placekitten.com/109/532,https://placekitten.com/428/769,https://placekitten.com/535/695,https://picsum.photos/89/858,https://dummyimage.com/217x155'),(12769,'https://dummyimage.com/906x989','https://dummyimage.com/821x856,https://placekitten.com/799/791,https://dummyimage.com/523x390,https://dummyimage.com/260x44,https://placekitten.com/941/164'),(12991,'https://picsum.photos/394/424','https://placekitten.com/123/232,https://picsum.photos/284/968,https://placekitten.com/279/721,https://picsum.photos/121/522,https://picsum.photos/827/935'),(13586,'https://dummyimage.com/284x208','https://picsum.photos/716/29,https://picsum.photos/927/550,https://placekitten.com/850/305,https://dummyimage.com/32x815,https://picsum.photos/562/108'),(15967,'https://placekitten.com/657/615','https://dummyimage.com/818x962,https://picsum.photos/627/168,https://placekitten.com/782/319,https://placekitten.com/477/891,https://picsum.photos/730/225'),(18586,'https://dummyimage.com/739x786','https://placekitten.com/537/812,https://picsum.photos/85/590,https://placekitten.com/856/906,https://placekitten.com/975/704,https://placekitten.com/530/368'),(20461,'https://dummyimage.com/592x452','https://dummyimage.com/872x350,https://placekitten.com/835/775,https://picsum.photos/285/556,https://placekitten.com/786/539,https://placekitten.com/395/933'),(21009,'https://placekitten.com/500/1013','https://dummyimage.com/246x780,https://picsum.photos/701/453,https://dummyimage.com/570x101,https://dummyimage.com/505x878,https://placekitten.com/938/909'),(22511,'https://dummyimage.com/843x137','https://dummyimage.com/41x223,https://picsum.photos/379/720,https://placekitten.com/252/544,https://picsum.photos/921/877,https://dummyimage.com/442x926'),(22577,'https://picsum.photos/299/88','https://dummyimage.com/674x373,https://picsum.photos/468/691,https://placekitten.com/131/1009,https://placekitten.com/589/477,https://dummyimage.com/428x998'),(22902,'https://dummyimage.com/918x272','https://placekitten.com/64/695,https://picsum.photos/352/229,https://placekitten.com/862/714,https://picsum.photos/486/369,https://dummyimage.com/881x168'),(23192,'https://picsum.photos/120/633','https://picsum.photos/776/183,https://picsum.photos/947/557,https://dummyimage.com/241x721,https://dummyimage.com/66x583,https://picsum.photos/849/708'),(24072,'https://dummyimage.com/996x781','https://dummyimage.com/572x214,https://picsum.photos/934/616,https://placekitten.com/401/725,https://picsum.photos/956/136,https://picsum.photos/527/303'),(25894,'https://placekitten.com/726/229','https://picsum.photos/274/413,https://picsum.photos/137/36,https://picsum.photos/512/216,https://picsum.photos/52/316,https://dummyimage.com/873x858'),(26813,'https://placekitten.com/980/480','https://picsum.photos/688/705,https://picsum.photos/799/519,https://placekitten.com/819/781,https://picsum.photos/314/365,https://picsum.photos/866/765'),(28075,'https://placekitten.com/141/578','https://dummyimage.com/313x596,https://placekitten.com/495/776,https://dummyimage.com/970x776,https://placekitten.com/504/405,https://dummyimage.com/442x809'),(28695,'https://picsum.photos/648/483','https://dummyimage.com/151x225,https://picsum.photos/877/957,https://dummyimage.com/576x884,https://picsum.photos/914/261,https://picsum.photos/112/763'),(28835,'https://dummyimage.com/1017x775','https://dummyimage.com/701x318,https://placekitten.com/396/978,https://placekitten.com/751/581,https://picsum.photos/726/920,https://dummyimage.com/779x288'),(29535,'https://dummyimage.com/176x551','https://placekitten.com/371/459,https://dummyimage.com/118x20,https://picsum.photos/295/727,https://picsum.photos/819/97,https://dummyimage.com/336x908'),(30862,'https://picsum.photos/712/863','https://placekitten.com/806/596,https://dummyimage.com/402x31,https://picsum.photos/560/21,https://dummyimage.com/115x716,https://dummyimage.com/825x452'),(32076,'https://dummyimage.com/602x756','https://dummyimage.com/587x551,https://placekitten.com/591/391,https://dummyimage.com/0x124,https://picsum.photos/79/385,https://dummyimage.com/929x376'),(32981,'https://picsum.photos/128/900','https://placekitten.com/655/988,https://dummyimage.com/599x621,https://dummyimage.com/182x116,https://placekitten.com/963/273,https://dummyimage.com/85x155'),(33790,'https://dummyimage.com/50x480','https://dummyimage.com/882x654,https://picsum.photos/584/265,https://placekitten.com/814/733,https://placekitten.com/322/121,https://placekitten.com/662/163'),(39079,'https://picsum.photos/846/839','https://dummyimage.com/352x680,https://placekitten.com/524/224,https://placekitten.com/315/813,https://placekitten.com/817/306,https://picsum.photos/96/974'),(39126,'https://placekitten.com/84/764','https://picsum.photos/434/292,https://placekitten.com/239/968,https://placekitten.com/887/411,https://dummyimage.com/511x9,https://dummyimage.com/238x967'),(39171,'https://dummyimage.com/483x262','https://picsum.photos/839/814,https://picsum.photos/385/763,https://placekitten.com/760/527,https://placekitten.com/389/511,https://placekitten.com/145/292'),(41137,'https://picsum.photos/158/251','https://picsum.photos/302/29,https://picsum.photos/148/227,https://dummyimage.com/233x189,https://picsum.photos/144/677,https://placekitten.com/716/562'),(41574,'https://placekitten.com/991/112','https://picsum.photos/816/14,https://dummyimage.com/33x11,https://placekitten.com/170/706,https://dummyimage.com/9x250,https://placekitten.com/942/430'),(42413,'https://placekitten.com/975/144','https://placekitten.com/557/25,https://placekitten.com/310/450,https://picsum.photos/960/556,https://placekitten.com/527/168,https://picsum.photos/682/665'),(43149,'https://picsum.photos/821/128','https://placekitten.com/395/660,https://placekitten.com/957/363,https://placekitten.com/835/840,https://picsum.photos/901/892,https://dummyimage.com/708x656'),(45335,'https://picsum.photos/65/888','https://placekitten.com/933/555,https://dummyimage.com/887x630,https://picsum.photos/895/568,https://picsum.photos/429/748,https://placekitten.com/1021/748'),(46108,'https://placekitten.com/231/701','https://picsum.photos/606/1003,https://picsum.photos/10/618,https://placekitten.com/190/174,https://dummyimage.com/34x126,https://placekitten.com/642/911'),(46121,'https://picsum.photos/760/146','https://placekitten.com/664/357,https://picsum.photos/715/105,https://placekitten.com/225/824,https://dummyimage.com/244x115,https://picsum.photos/86/899'),(47216,'https://picsum.photos/165/245','https://picsum.photos/135/5,https://dummyimage.com/341x315,https://dummyimage.com/623x987,https://dummyimage.com/405x940,https://dummyimage.com/512x245'),(50000,'https://placekitten.com/920/887','https://placekitten.com/873/822,https://picsum.photos/619/327,https://picsum.photos/211/245,https://picsum.photos/228/23,https://dummyimage.com/186x789'),(50086,'https://placekitten.com/139/81','https://picsum.photos/643/352,https://picsum.photos/678/328,https://placekitten.com/681/349,https://placekitten.com/676/123,https://placekitten.com/381/18'),(51324,'https://placekitten.com/912/125','https://picsum.photos/8/183,https://dummyimage.com/750x548,https://dummyimage.com/755x120,https://dummyimage.com/700x673,https://dummyimage.com/774x979'),(51596,'https://placekitten.com/431/283','https://placekitten.com/182/418,https://picsum.photos/485/717,https://picsum.photos/798/400,https://picsum.photos/614/224,https://dummyimage.com/852x451'),(51654,'https://dummyimage.com/953x632','https://picsum.photos/159/274,https://dummyimage.com/141x516,https://picsum.photos/120/489,https://placekitten.com/34/944,https://dummyimage.com/732x623'),(51811,'https://picsum.photos/80/409','https://picsum.photos/708/704,https://picsum.photos/342/914,https://placekitten.com/989/152,https://picsum.photos/513/290,https://picsum.photos/274/310'),(52503,'https://placekitten.com/600/131','https://placekitten.com/404/972,https://picsum.photos/88/205,https://placekitten.com/486/722,https://picsum.photos/707/436,https://dummyimage.com/208x86'),(54270,'https://picsum.photos/945/343','https://picsum.photos/675/336,https://dummyimage.com/665x255,https://dummyimage.com/693x807,https://placekitten.com/995/753,https://placekitten.com/544/905'),(55765,'https://placekitten.com/383/689','https://dummyimage.com/741x663,https://placekitten.com/421/404,https://picsum.photos/61/450,https://placekitten.com/800/153,https://picsum.photos/232/888'),(58147,'https://dummyimage.com/701x677','https://dummyimage.com/343x517,https://placekitten.com/791/751,https://picsum.photos/826/97,https://picsum.photos/412/460,https://dummyimage.com/165x720'),(58248,'https://placekitten.com/267/175','https://placekitten.com/36/132,https://picsum.photos/111/200,https://picsum.photos/311/254,https://dummyimage.com/658x303,https://placekitten.com/298/15'),(60509,'https://dummyimage.com/960x251','https://dummyimage.com/205x213,https://placekitten.com/7/104,https://picsum.photos/408/544,https://dummyimage.com/349x466,https://dummyimage.com/657x266'),(61303,'https://dummyimage.com/29x332','https://dummyimage.com/530x548,https://dummyimage.com/768x775,https://picsum.photos/375/650,https://picsum.photos/650/939,https://dummyimage.com/567x437'),(62827,'https://picsum.photos/421/153','https://placekitten.com/479/203,https://picsum.photos/649/1019,https://dummyimage.com/20x561,https://placekitten.com/189/168,https://dummyimage.com/172x571'),(63745,'https://picsum.photos/351/698','https://placekitten.com/770/128,https://picsum.photos/251/997,https://placekitten.com/279/408,https://picsum.photos/522/243,https://dummyimage.com/122x95'),(63821,'https://placekitten.com/967/985','https://dummyimage.com/604x841,https://placekitten.com/486/982,https://picsum.photos/804/248,https://dummyimage.com/245x850,https://dummyimage.com/865x486'),(65570,'https://dummyimage.com/45x705','https://picsum.photos/120/667,https://dummyimage.com/254x205,https://dummyimage.com/728x782,https://picsum.photos/255/447,https://picsum.photos/581/69'),(65750,'https://placekitten.com/876/1006','https://dummyimage.com/217x935,https://picsum.photos/432/568,https://placekitten.com/581/514,https://picsum.photos/398/515,https://dummyimage.com/40x296'),(68514,'https://picsum.photos/289/642','https://placekitten.com/556/782,https://placekitten.com/177/341,https://dummyimage.com/169x1024,https://placekitten.com/352/281,https://dummyimage.com/918x982'),(70600,'https://placekitten.com/221/184','https://dummyimage.com/489x854,https://placekitten.com/447/206,https://picsum.photos/328/337,https://dummyimage.com/303x582,https://picsum.photos/459/264'),(71350,'https://picsum.photos/164/729','https://picsum.photos/210/558,https://placekitten.com/8/76,https://placekitten.com/63/992,https://placekitten.com/438/383,https://picsum.photos/718/106'),(71547,'https://dummyimage.com/86x656','https://picsum.photos/621/702,https://dummyimage.com/976x719,https://placekitten.com/600/529,https://dummyimage.com/436x817,https://placekitten.com/413/987'),(72112,'https://dummyimage.com/622x988','https://dummyimage.com/329x473,https://picsum.photos/717/683,https://dummyimage.com/712x605,https://placekitten.com/328/445,https://picsum.photos/234/173'),(72611,'https://placekitten.com/229/463','https://placekitten.com/562/388,https://placekitten.com/169/429,https://placekitten.com/304/263,https://dummyimage.com/887x769,https://dummyimage.com/695x691'),(73769,'https://dummyimage.com/7x86','https://picsum.photos/687/239,https://dummyimage.com/509x467,https://dummyimage.com/434x887,https://placekitten.com/84/257,https://dummyimage.com/801x942'),(75286,'https://placekitten.com/662/139','https://dummyimage.com/645x537,https://picsum.photos/819/560,https://placekitten.com/952/8,https://placekitten.com/1005/548,https://dummyimage.com/799x591'),(76570,'https://picsum.photos/601/313','https://picsum.photos/396/657,https://dummyimage.com/524x3,https://picsum.photos/224/416,https://dummyimage.com/339x356,https://placekitten.com/509/996'),(76652,'https://placekitten.com/255/157','https://dummyimage.com/661x426,https://dummyimage.com/920x501,https://dummyimage.com/962x231,https://dummyimage.com/256x51,https://placekitten.com/115/143'),(76740,'https://placekitten.com/223/149','https://picsum.photos/343/987,https://picsum.photos/513/917,https://picsum.photos/968/675,https://dummyimage.com/850x428,https://placekitten.com/889/230'),(76960,'https://dummyimage.com/920x934','https://placekitten.com/780/656,https://dummyimage.com/564x808,https://dummyimage.com/443x981,https://picsum.photos/435/142,https://dummyimage.com/681x169'),(78344,'https://picsum.photos/864/164','https://picsum.photos/961/340,https://dummyimage.com/741x11,https://dummyimage.com/223x420,https://placekitten.com/62/997,https://picsum.photos/369/289'),(80946,'https://dummyimage.com/608x407','https://dummyimage.com/852x905,https://placekitten.com/207/102,https://picsum.photos/767/56,https://picsum.photos/746/661,https://placekitten.com/474/73'),(81484,'https://picsum.photos/111/928','https://dummyimage.com/858x494,https://dummyimage.com/597x709,https://dummyimage.com/4x437,https://dummyimage.com/411x502,https://dummyimage.com/544x671'),(81949,'https://picsum.photos/897/365','https://picsum.photos/941/436,https://dummyimage.com/418x522,https://dummyimage.com/565x435,https://placekitten.com/586/926,https://dummyimage.com/869x817'),(82535,'https://dummyimage.com/352x263','https://placekitten.com/57/823,https://dummyimage.com/264x442,https://picsum.photos/465/2,https://placekitten.com/978/577,https://picsum.photos/817/484'),(83780,'https://dummyimage.com/72x944','https://dummyimage.com/815x996,https://picsum.photos/619/689,https://dummyimage.com/733x607,https://dummyimage.com/669x929,https://picsum.photos/573/642'),(83970,'https://picsum.photos/368/148','https://picsum.photos/21/815,https://placekitten.com/731/961,https://picsum.photos/624/331,https://picsum.photos/259/642,https://picsum.photos/689/597'),(83981,'https://placekitten.com/610/337','https://picsum.photos/541/413,https://placekitten.com/945/725,https://dummyimage.com/661x409,https://picsum.photos/319/616,https://placekitten.com/230/971'),(84167,'https://dummyimage.com/868x630','https://dummyimage.com/632x200,https://picsum.photos/794/261,https://placekitten.com/27/680,https://dummyimage.com/244x97,https://dummyimage.com/837x938'),(85940,'https://placekitten.com/178/405','https://dummyimage.com/183x485,https://placekitten.com/897/681,https://placekitten.com/811/216,https://dummyimage.com/126x349,https://dummyimage.com/205x547'),(86828,'https://placekitten.com/247/435','https://dummyimage.com/733x15,https://dummyimage.com/543x352,https://placekitten.com/908/265,https://placekitten.com/233/1007,https://placekitten.com/979/439'),(86950,'https://placekitten.com/494/443','https://dummyimage.com/356x476,https://picsum.photos/726/557,https://placekitten.com/673/452,https://placekitten.com/615/865,https://placekitten.com/799/905'),(87511,'https://picsum.photos/836/760','https://dummyimage.com/54x569,https://picsum.photos/321/808,https://picsum.photos/971/916,https://dummyimage.com/74x397,https://picsum.photos/349/780'),(88261,'https://picsum.photos/904/279','https://dummyimage.com/971x678,https://picsum.photos/101/189,https://dummyimage.com/51x343,https://dummyimage.com/81x119,https://dummyimage.com/530x175'),(88907,'https://picsum.photos/268/139','https://picsum.photos/840/183,https://placekitten.com/241/120,https://dummyimage.com/178x422,https://picsum.photos/946/100,https://dummyimage.com/87x463'),(90043,'https://picsum.photos/680/925','https://picsum.photos/326/638,https://picsum.photos/627/364,https://placekitten.com/629/250,https://picsum.photos/660/96,https://dummyimage.com/611x525'),(91109,'https://picsum.photos/507/497','https://placekitten.com/982/624,https://dummyimage.com/371x291,https://placekitten.com/338/642,https://picsum.photos/759/1003,https://dummyimage.com/319x421'),(91226,'https://picsum.photos/548/452','https://placekitten.com/186/117,https://dummyimage.com/646x173,https://dummyimage.com/461x420,https://dummyimage.com/327x521,https://placekitten.com/685/181'),(93430,'https://picsum.photos/628/241','https://placekitten.com/701/533,https://placekitten.com/517/807,https://placekitten.com/516/127,https://placekitten.com/353/433,https://placekitten.com/918/528'),(93518,'https://placekitten.com/842/615','https://picsum.photos/414/509,https://placekitten.com/684/234,https://dummyimage.com/817x615,https://placekitten.com/668/588,https://picsum.photos/859/462'),(94229,'https://dummyimage.com/83x187','https://dummyimage.com/955x183,https://placekitten.com/732/246,https://dummyimage.com/202x544,https://placekitten.com/350/189,https://dummyimage.com/850x170'),(94900,'https://picsum.photos/743/994','https://dummyimage.com/90x554,https://placekitten.com/696/299,https://picsum.photos/533/99,https://dummyimage.com/239x199,https://dummyimage.com/409x313'),(94944,'https://dummyimage.com/143x1002','https://dummyimage.com/850x641,https://dummyimage.com/627x654,https://dummyimage.com/514x532,https://placekitten.com/799/23,https://dummyimage.com/819x1020'),(97864,'https://picsum.photos/207/102','https://placekitten.com/490/527,https://dummyimage.com/80x50,https://placekitten.com/262/235,https://placekitten.com/435/573,https://picsum.photos/529/171'),(98863,'https://picsum.photos/934/399','https://dummyimage.com/739x9,https://picsum.photos/487/950,https://placekitten.com/99/448,https://picsum.photos/261/177,https://placekitten.com/455/179'),(99914,'https://placekitten.com/88/392','https://placekitten.com/169/636,https://picsum.photos/130/513,https://dummyimage.com/695x992,https://picsum.photos/818/145,https://dummyimage.com/404x816');
/*!40000 ALTER TABLE `destinations` ENABLE KEYS */;
UNLOCK TABLES;

--
-- Table structure for table `destinationtranslations`
--

DROP TABLE IF EXISTS `destinationtranslations`;
/*!40101 SET @saved_cs_client     = @@character_set_client */;
/*!50503 SET character_set_client = utf8mb4 */;
CREATE TABLE `destinationtranslations` (
  `DestinationtranslationId` int NOT NULL,
  `LanguageId` varchar(10) DEFAULT NULL,
  `DestinationId` int DEFAULT NULL,
  `Title` varchar(500) CHARACTER SET utf8mb3 COLLATE utf8mb3_general_ci DEFAULT NULL,
  `Content` longtext,
  PRIMARY KEY (`DestinationtranslationId`),
  KEY `FK_DestinationTranslations_Destinations` (`DestinationId`),
  KEY `FK_DestinationTranslations_Languages` (`LanguageId`),
  CONSTRAINT `FK_DestinationTranslations_Destinations` FOREIGN KEY (`DestinationId`) REFERENCES `destinations` (`DestinationId`),
  CONSTRAINT `FK_DestinationTranslations_Languages` FOREIGN KEY (`LanguageId`) REFERENCES `languages` (`LanguageId`)
) ENGINE=InnoDB DEFAULT CHARSET=utf8mb4 COLLATE=utf8mb4_0900_ai_ci;
/*!40101 SET character_set_client = @saved_cs_client */;

--
-- Dumping data for table `destinationtranslations`
--

LOCK TABLES `destinationtranslations` WRITE;
/*!40000 ALTER TABLE `destinationtranslations` DISABLE KEYS */;
INSERT INTO `destinationtranslations` VALUES (7,'km',63821,'Thank raise husband do nothing different.','Item I through part make add fight. Reach simply then doctor fill bill expect. Note bag per first professor improve.'),(419,'tk',82535,'Prepare building doctor type.','Approach another response fact. Lawyer per single none heart strategy firm. Measure rich all new firm third. Spring maintain break important.\nElection require side response common strong life.'),(1523,'tg',12719,'Conference hair table tough anyone important meet.','Throughout town build born after. Talk tree ground. Government seat democratic century couple list center.'),(2400,'mg',9148,'Quite son he culture receive.','Thank particularly how couple series. Hope manager still less interest how grow.'),(5436,'tr',63821,'Lay series structure name live election technology.','Season art more rather. Apply low public there late child.\nPower southern attack every meet during. As black discuss drug only if event. Indeed note financial turn car.'),(5443,'ug',45335,'Because usually inside.','Teacher close reveal say three until against. Push culture no recent finally dark dark among. Mean performance four.'),(7424,'sid',46108,'Side eat maybe help image continue central day.','State produce public like me admit. Then fill opportunity education moment eat work. Keep read leader. However be alone without.'),(7747,'sid',45335,'Cover allow left policy happen.','Term use matter we down. Government town hold morning.\nOne age theory condition continue hand. General size home Republican edge member lay.'),(10362,'lzh',71350,'Sense artist voice bit particularly vote bit.','Common walk manage nor. Show sell plant page second college present. Which phone say rock ability produce or.\nBlood performance garden enter compare. Window candidate back call most.'),(11047,'as',28695,'Record begin project kitchen administration.','Fear wish old soldier little move. Institution improve note change respond Mrs according. Begin factor face thousand forget too.'),(11809,'sq',22902,'Gun power watch nation citizen available.','Step executive gun politics production church. Week outside agency sometimes various somebody soon.\nPiece usually partner executive bring public much over. Bit those owner.'),(14054,'sr',32076,'Operation garden war future around still.','Style start subject page approach enough. Find medical travel. Parent role I according apply government no.'),(17150,'wo',63821,'Author check by a.','Challenge describe same by religious identify. Bed draw visit offer class week service realize. Us wear compare.\nMouth local assume method wife soldier. Especially best sea such hit owner dark.'),(17161,'ne',51596,'Star though tend.','Daughter each real they follow agreement over.\nPast usually on cost draw among. White worry how approach teacher kind or herself. Feeling court still generation.'),(19480,'de',80946,'Car rock life way pay arrive.','Even why least ok raise.\nTelevision military fine note appear he. Fact activity ten standard sea start experience. Success deal picture career consumer edge course.'),(20408,'ha',23192,'Prevent tax space fire.','Raise factor science myself ahead window us. Large notice reduce contain surface. Under forward hundred moment among knowledge full. Challenge up bed part.'),(20734,'fy',90043,'American environment development.','Start significant pretty through sign art beat. Particularly light Republican ever.\nLeader to Mr never represent one century. Then dark ten four actually.'),(20842,'ka',47216,'Wait commercial stand such kitchen pattern name base.','Company have relate on order everybody music. Blue this month paper national throw. Book candidate central white own.'),(22042,'fo',47216,'Population soon each popular stock.','Message strong new get camera against. Start water close loss speech. Culture truth staff single stay budget.'),(22068,'be',47216,'Six particularly interesting hit continue.','Memory grow above free. Partner agency job than bank our.\nFive know ahead ago choice prepare. Certain improve young government religious color.'),(22306,'fy',42413,'Save now success plant guess recent chair environmental.','Purpose system everything beautiful. Each how foot any.\nDay let street rise pick their. Relate level current front right. Unit medical fly peace responsibility.'),(23658,'nl',41137,'Join industry forget can identify.','Quality cup sport protect whom reduce notice. Especially Mrs experience school child million.'),(23724,'ar',52503,'Particular administration hot west create manage politics thought.','Voice blood quite gun early.\nSuddenly power last citizen her somebody catch. Set wide training music issue. Item consider what amount pass live.'),(24288,'th',83780,'Special skin night full.','Eat wear practice how. Speak increase huge popular then medical cell. Serious forward me across lose.\nWish during watch commercial indicate. Important expect could central rise final.'),(26061,'ta',60509,'Buy candidate former analysis learn across result.','Expect pick surface.\nThough hope Republican partner prepare pretty every. Early final determine try risk when.\nPower memory kid sign.\nOthers election begin money design small. Baby art floor hear.'),(27281,'nhn',90043,'Interview good support wife.','Piece people miss nearly past four. Interesting never indicate yes him. Value leave back behavior.\nSoon difference moment area area since.'),(30048,'ur',84167,'Out west least treatment.','Within together approach discussion. Type ago which near hand meeting economy management.'),(30550,'crh',51654,'Material improve under outside year.','Remain under create face important recently. Political move miss clear daughter son news alone. Lose sell beat maintain business action.'),(32314,'so',39126,'Between pattern hear within.','Them sure ever hospital. Middle remain also newspaper together. Firm want art watch TV.\nWife about later senior weight.\nAccept feeling heavy effort. Usually seat final quality mind smile.'),(33586,'et',87511,'Force ability life nature mission wide.','Shake back first. Charge science degree much ask population.\nField debate same. Finally culture whose need lot that effort.\nRule although as culture. Because road let rich.'),(35625,'pap',51324,'To amount capital along.','Ahead oil talk true. Tree join street most with property. Reveal be brother while he.'),(38117,'ia',9148,'Live debate baby table office young worker nature.','Of form little beautiful something wrong. Reality activity television race feel thus pay push.\nDuring major information. Cover education scientist fly. Plant local city put few institution.'),(39345,'wae',76740,'Within staff wish never.','Present his suffer once single security room.\nLeg degree president born serve. Dog kitchen anything model reason.'),(39927,'is',45335,'Why example pass chair improve.','Lay practice become member term. South window culture put military law. Strong entire site property necessary game.\nReduce help call. Theory remember would college hard color health.'),(40583,'nb',86828,'Majority gas surface rise old personal later.','Peace painting table TV. National possible senior last both kitchen.\nFrom group environment. Change should deal employee. Situation watch bed approach role security hear.'),(41922,'sat',86828,'Song example end part nature suffer movie.','Theory statement discover debate though company.\nSpeech international maybe score population newspaper side. Take new example strong project contain this. Attention account town success light kid.'),(43798,'om',47216,'Summer during majority after standard morning.','Audience or new herself always full. Growth then degree news say structure deep real. Whether employee perform.\nConference very mean health.'),(44129,'ru',24072,'Project under from stuff light dark message.','Soldier author item network quickly start. Thing building religious once food.\nMost positive task remain thing. International war break way trip enjoy.'),(44629,'ku',43149,'Pressure environment black family choice.','American what Republican we song. World girl serious trade event method audience.\nBlue let together floor glass usually Mrs.'),(45546,'ce',91109,'Buy news mother.','Ground day value time word. Last anything throw per organization seem.\nScientist commercial smile not. Knowledge read everybody mind behind.'),(45801,'kok',12991,'Alone none let.','Debate Congress raise have staff land. Energy image community skill maybe force pretty. Popular plan support although assume meeting.'),(46955,'vi',11324,'Should season career animal.','Out bag decision simply worry reflect space include. Run we money skill.'),(47863,'ky',39171,'Statement growth teach amount all may assume.','Item evening camera. Family interview oil interview miss. Bit have herself trial.\nWish artist throughout red board fight state. Lay threat head table.'),(48001,'ne',11324,'Despite from history brother degree suddenly.','Claim big sport this. Part only issue official yourself card. Fire when everyone artist.\nAfter behind western choose challenge bag. Second field in detail attorney material.'),(54611,'ps',28075,'Spend more bank little represent.','Individual growth most Democrat of couple especially ask. Mention consider certainly picture democratic. Threat scientist more radio western though especially her.'),(54651,'kn',22577,'Star season north man population appear anything.','Suddenly institution home focus responsibility. Leader staff possible boy successful.\nStatement middle support particularly.\nInformation land between type. Step leave fast important. Guess rather of.'),(56361,'ia',99914,'Image prevent cause high people while.','Such down yourself matter front fast vote. Entire position mention event relationship standard. Popular surface than agreement trial many.\nPainting same similar. Accept pay wind into.'),(56449,'sr',55765,'Safe camera recently result box important be clear.','Way of talk truth unit early. Wrong until open water trade information.\nOffer street seek seek apply. Myself admit middle common. Foot recent suddenly skin since rule chair.'),(57995,'sid',50086,'Window tree like from still.','Present professor build too return. At may sing free set fish individual. Safe all behind really least act certainly.\nSometimes figure fear let over policy ability.'),(60018,'id',20461,'Whatever line realize upon.','Generation thousand policy star himself me reflect. Than thought travel need. Look senior concern road bring police.'),(60074,'pa',23192,'Live necessary stock reach western how fire.','Color pay long necessary dark south. Take base school thus power. Standard toward suggest former at hand exactly.'),(60101,'nan',86828,'Class focus material why.','As edge show finish determine remain true. Serious unit girl I now.\nEverybody because in improve under television. Responsibility already anyone spring blue staff before.'),(61287,'gd',75286,'Compare bad your attorney everyone until.','Throughout price beat other. Many society poor toward least rich ground official.\nBody court front just to or often. Bank court surface. Nearly shoulder crime pattern agency too eat performance.'),(61507,'sk',6759,'Want pattern nation brother often house color.','Front theory whether cause it. Main leader girl foot after hospital.\nAlmost cost speech evidence process child. Middle talk Mrs save. Water wind against above player majority.'),(61681,'ast',60509,'He trip memory information future in.','Why program throw go serious free might. Character card then cut. Company seem appear forward successful enough.\nQuickly new daughter give so business task. Teacher financial choose half.'),(62091,'or',78344,'Lead poor former her ready.','Common majority part thing sea. Financial lead like PM its interview understand. Reduce party option exist poor able.'),(63942,'id',78344,'Stage future behavior these.','Reflect leg soldier hair oil item this. Final citizen daughter owner improve. Clear low research Republican political city.'),(65913,'doi',41137,'Different test fine fire travel perform.','Provide candidate account process. Message story although join religious. Real car financial news exactly skin still believe.'),(66082,'se',26813,'System enough ball view.','Too quality similar friend. Also gas economic majority what.\nInterview almost eat often question show. System meeting them tree challenge position concern. Well step will mission. Hold day model.'),(66102,'et',51596,'Inside factor single type character stand.','Ability successful any off. Technology family whatever need first its day. History church economic north arrive simple.'),(66330,'ug',97864,'Defense push space large send.','But fill company amount.\nWonder appear stage different remain husband economy give. Civil generation well alone.'),(66453,'tcy',51324,'Play follow news lead collection decade.','Raise the inside reflect. Name us national career imagine.\nBoth outside old of left. Much live charge trial.'),(66938,'kok',72611,'Speak commercial billion everyone page though itself.','Business hospital modern. Example remember area court those ground dream.\nWrong side floor. Discover or point part oil family. Realize brother of key.'),(67077,'ar',91226,'Tax statement able.','System professional usually fear short knowledge everything. Vote another activity senior appear issue. Research leg out base.\nReason new small computer continue. Themselves agree leg board seat.'),(67635,'fi',30862,'Themselves sure never wide.','Purpose prevent environmental keep day thought far message. Sing start model write. Large every so from surface place husband.'),(68210,'bo',24072,'As fill various draw.','Capital allow culture doctor. Father federal read. Need behavior inside investment.'),(68533,'is',72611,'Third least stage movement feeling order vote.','Edge leave national job really. Anyone able reason item decide baby worry old.\nArm measure treat statement.\nLeader last south drug century deal floor. Reveal ready field recently state.'),(69499,'oc',87511,'Something middle store.','Medical million child administration care eat black. Art teacher today consumer physical watch change. Apply card teach program keep. Law might stay require seek along view.'),(69562,'niu',84167,'Something measure physical democratic least step management.','Position player water material be serve early. Figure look stand always building guy. Shake including list bit my claim appear lead.'),(70949,'bs',91109,'Policy hand it thousand.','Knowledge along painting let.\nSection light table help.\nYou body far evidence. Anything ability receive reach break. Talk effort area deep listen.'),(71625,'kl',5280,'Owner style interest learn treatment participant include.','Same reduce toward activity themselves. City head write shake tree.\nUs tough close. Maybe there bar throw them bring always. Fund report laugh on.'),(73645,'nn',60509,'Street sure technology explain.','Professor impact carry subject design clear receive. Leader feeling law wait him.\nInclude billion look end.'),(73878,'ru',94229,'Raise throughout time or system minute or.','World threat thought together above summer machine here. Daughter our modern offer good fine when. Middle film among. Leave hospital beyond head tree.'),(76348,'ve',47216,'Pretty group remember lose new long.','Charge activity meeting the purpose every skin office. Our price should out. Month let once west effort bill south character.\nKnow sit meet gun. Myself resource north send break water soldier.'),(78566,'ja',15967,'Table trip ten certainly white chance service ten.','Generation physical order let member. Seek dark task hour. Join bed letter air. Apply role send child write gas wait country.'),(79071,'se',26813,'Movie manager bed deal.','Message answer both decade card. War talk beat or. Eight unit than behavior these water then.\nLeave someone card factor break likely. Deep wrong may air product build.'),(81425,'gu',75286,'Especially standard television nature those according leave.','Model message management blood issue white. Value design walk kid nature cup.\nWell heart stop. Health consider recently college much pass. Generation oil nation model.'),(82442,'tcy',82535,'Increase spring notice feel two never phone.','Majority little because local. Reflect hour explain.\nPartner over dinner arm now artist talk. Subject defense whom throughout society open star response. Policy song when PM teach yet expect.'),(82729,'af',9741,'Call piece guess audience.','Yard war firm discuss remember soon whom learn. Man outside author mind feeling television. Theory when serious national. Learn operation idea purpose administration action within energy.'),(82902,'is',980,'Have some without Republican stand buy what.','Special same news current standard single. On so write during.\nBy environmental hospital go read order. Station respond student change report accept positive stop. Kid upon several fact spend yard.'),(84109,'yo',84167,'Century kitchen lose similar.','Common from summer choose. Can buy capital statement.\nPractice during piece special. Expert newspaper those entire all wish. Business consider effort might religious record.'),(85904,'nn',86828,'Nor break real attention.','Order point investment. Far soldier watch song other we.\nNational say soldier foreign read. Month operation dinner choice three their.\nCurrent direction however mouth.'),(86483,'mg',47216,'Officer threat particular near.','Carry instead time expect color though difference.\nStudy we carry continue institution. Happen number focus account sing card recent image.'),(86804,'ur',65570,'Place news democratic design morning.','Environment ask phone program garden service. Investment hand although last good I discuss.\nAir feeling lead floor. Finish black message buy smile team me style.'),(87028,'si',72611,'Medical between identify member health.','Kid rise manager center some.\nTechnology avoid number. Turn couple image throw teach.\nFamily western oil end us. Cold laugh major experience into their thank room. Lay woman type black current.'),(87845,'ru',42413,'Fund sister magazine.','Which apply lay structure watch. Here he low condition try. Whose less speak lose subject yeah.\nBlue sign little pressure. Hair forget wind hundred. Forget rock young system from.'),(89649,'nb',47216,'Act add reach others.','Return out often myself. Enough discuss debate give week.\nHotel he forward color special. Cause matter just meet.\nBed form direction us. For break street medical.'),(90238,'oc',43149,'Rock soon bag cause nor eat fight election.','Business improve least material movement. Relationship score window street check national position.'),(93178,'az',28695,'Structure north draw whatever society man change.','Item nor your about manager have than. Watch box special on. Of wrong ground price pick sound police.\nBad argue professor usually movement. Daughter national start have.'),(94270,'gv',46108,'Begin break us.','Finally successful medical professor pull. Mr another charge home light arrive price.\nDifferent contain civil five this nor and. Term hot president today turn. Somebody can fish hour.'),(94932,'az',83780,'Body bank a foot agreement act.','Hold themselves best success gun where spend involve. Challenge everyone leader such before worry item wind. Age cost member base. Policy back prove eight.'),(95601,'so',11855,'Traditional heavy morning talk arrive.','There prepare bar resource manage reach. Purpose hand service begin seem store space. Animal capital must half father budget.\nStay ten worker. Impact figure agency affect.'),(95608,'nl',58147,'Fact official building enough.','Effect why surface throughout walk night. International direction production say set after.'),(96333,'ro',60509,'Entire security about yes why huge.','Feeling red notice successful resource which edge. Young magazine determine include. Practice often growth involve.'),(98319,'yi',60509,'Black series including.','Investment company according commercial. Group newspaper major sing stop yet official be. Crime relationship next affect.'),(98388,'fur',58147,'Strong suffer best modern on age establish before.','Life each cell girl senior. Her chair marriage woman laugh. Today make citizen nice enjoy run century. One manager stop share.'),(98999,'my',32076,'She require another ago.','Form decision catch owner him table attorney trade. Unit on leave whom. Trial player catch church. Push although official.'),(99107,'ht',28835,'Truth a player city decide.','To fast room for hit cell. Drop government politics few sea.\nService fund which weight research reality international dinner. Try fact senior alone.'),(99719,'tcy',78344,'Myself issue apply television with south.','Answer fire common reduce. Can by thought total western.\nSpend city team establish site gas be. Against region include everyone spring recently institution let. Trip at boy cultural.'),(99735,'cy',51596,'Add as piece right.','Instead board score indeed. A eye our stop move.\nCamera you loss agree cell business type. Take toward white material.\nDeal table hit face. Worker position economic glass.');
/*!40000 ALTER TABLE `destinationtranslations` ENABLE KEYS */;
UNLOCK TABLES;

--
-- Table structure for table `languages`
--

DROP TABLE IF EXISTS `languages`;
/*!40101 SET @saved_cs_client     = @@character_set_client */;
/*!50503 SET character_set_client = utf8mb4 */;
CREATE TABLE `languages` (
  `LanguageId` varchar(10) NOT NULL,
  `LanguageName` varchar(500) DEFAULT NULL,
  PRIMARY KEY (`LanguageId`)
) ENGINE=InnoDB DEFAULT CHARSET=utf8mb4 COLLATE=utf8mb4_0900_ai_ci;
/*!40101 SET character_set_client = @saved_cs_client */;

--
-- Dumping data for table `languages`
--

LOCK TABLES `languages` WRITE;
/*!40000 ALTER TABLE `languages` DISABLE KEYS */;
INSERT INTO `languages` VALUES ('aa','Guarani'),('af','Kannada'),('am','Akan'),('apn','Chechen'),('ar','Sango'),('as','Armenian'),('ast','Czech'),('ayc','Bambara'),('az','Indonesian'),('be','Interlingua'),('ber','Lingala'),('bg','Guarani'),('bhb','Sardinian'),('bho','Sindhi'),('bo','Polish'),('br','Tonga'),('brx','English'),('bs','Gaelic'),('ce','Navajo'),('ckb','Urdu'),('crh','Slovenian'),('cs','Ganda'),('cv','Javanese'),('cy','Lingala'),('de','Azerbaijani'),('doi','Cree'),('dv','Latin'),('dz','Shona'),('el','Albanian'),('eo','Afar'),('et','Kannada'),('fa','Arabic'),('fi','Tajik'),('fil','Ojibwa'),('fo','Malayalam'),('fur','Maori'),('fy','Latvian'),('ga','Maltese'),('gd','Japanese'),('gez','Kirghiz'),('gu','Indonesian'),('gv','Venda'),('ha','Tigrinya'),('he','Urdu'),('hi','Russian'),('hne','Gaelic'),('hr','Luxembourgish'),('hsb','Faroese'),('ht','Faroese'),('hu','Lingala'),('hy','Basque'),('ia','Kazakh'),('id','Pushto'),('ik','Somali'),('is','Assamese'),('it','Sotho, Southern'),('iu','Malagasy'),('iw','Bulgarian'),('ja','Danish'),('ka','Gaelic'),('kl','Aragonese'),('km','Sundanese'),('kn','Bengali'),('ko','Oriya'),('kok','Tonga'),('ks','Aragonese'),('ku','Shona'),('kw','Malayalam'),('ky','Arabic'),('lb','Ndonga'),('lg','Herero'),('li','Marathi'),('ln','Macedonian'),('lo','Tajik'),('lt','Malay'),('lv','Church Slavic'),('lzh','Kalaallisut'),('mg','Corsican'),('mi','Kalaallisut'),('mk','Panjabi'),('ml','Korean'),('mn','Venda'),('mni','Sanskrit'),('mr','Dutch'),('mt','North Ndebele'),('my','Tonga'),('nan','Maltese'),('nb','Kinyarwanda'),('nds','Azerbaijani'),('ne','Aymara'),('nhn','North Ndebele'),('niu','Pushto'),('nl','Finnish'),('nn','Chamorro'),('oc','Sanskrit'),('om','Estonian'),('or','Marathi'),('os','Serbian'),('pa','Norwegian Nynorsk'),('pap','Thai'),('pl','Ido'),('ps','Kinyarwanda'),('quz','Arabic'),('raj','Latin'),('ro','Afar'),('ru','Gujarati'),('sat','Armenian'),('sc','Cornish'),('se','Bambara'),('si','Tsonga'),('sid','Yiddish'),('sk','Bihari languages'),('sl','Fijian'),('so','Faroese'),('sq','Interlingua'),('sr','Amharic'),('ss','Serbian'),('st','English'),('szl','Gujarati'),('ta','Norwegian Nynorsk'),('tcy','Albanian'),('tg','Divehi'),('th','Kazakh'),('the','Urdu'),('ti','Albanian'),('tk','Tibetan'),('tl','Finnish'),('tn','Russian'),('tr','Malayalam'),('ug','Faroese'),('uk','Sichuan Yi'),('unm','Portuguese'),('ur','Sotho, Southern'),('uz','Tigrinya'),('ve','Hebrew'),('vi','Vietnamese'),('wa','Turkish'),('wae','Icelandic'),('wal','Panjabi'),('wo','Ganda'),('xh','Azerbaijani'),('yi','Ndonga'),('yo','Gaelic'),('yue','Xhosa'),('zh','Twi'),('zu','Kuanyama');
/*!40000 ALTER TABLE `languages` ENABLE KEYS */;
UNLOCK TABLES;

--
-- Table structure for table `reviews`
--

DROP TABLE IF EXISTS `reviews`;
/*!40101 SET @saved_cs_client     = @@character_set_client */;
/*!50503 SET character_set_client = utf8mb4 */;
CREATE TABLE `reviews` (
  `ReviewId` int NOT NULL,
  `CustomerId` int DEFAULT NULL,
  `TourId` int DEFAULT NULL,
  `DestinationId` int DEFAULT NULL,
  `Rating` int DEFAULT NULL,
  `Comment` text CHARACTER SET utf8mb3 COLLATE utf8mb3_general_ci,
  PRIMARY KEY (`ReviewId`),
  KEY `FK_Reviews_Customers` (`CustomerId`),
  KEY `FK_Reviews_Tours` (`TourId`),
  KEY `FK_Reviews_Destinations` (`DestinationId`),
  CONSTRAINT `FK_Reviews_Customers` FOREIGN KEY (`CustomerId`) REFERENCES `bookings` (`CustomerId`),
  CONSTRAINT `FK_Reviews_Destinations` FOREIGN KEY (`DestinationId`) REFERENCES `destinations` (`DestinationId`),
  CONSTRAINT `FK_Reviews_Tours` FOREIGN KEY (`TourId`) REFERENCES `tours` (`TourId`)
) ENGINE=InnoDB DEFAULT CHARSET=utf8mb4 COLLATE=utf8mb4_0900_ai_ci;
/*!40101 SET character_set_client = @saved_cs_client */;

--
-- Dumping data for table `reviews`
--

LOCK TABLES `reviews` WRITE;
/*!40000 ALTER TABLE `reviews` DISABLE KEYS */;
INSERT INTO `reviews` VALUES (117,63542,14540,13586,4,'Heart it party during well number. Time environmental painting red which. Buy parent result ok week at.'),(457,84034,36309,82535,3,'How local stand his. Mean add civil Republican. Most people light total career necessary deal herself.'),(1217,4467,70517,86828,4,'Bad certainly feeling where. Relationship middle possible interest why toward. Business hold we last buy.'),(1292,19794,49144,70600,4,'Policy enjoy not last wide former.'),(3808,363,37612,28695,1,'Majority itself either article focus. Born car body test prevent himself serious. International modern first star.'),(3913,55570,14540,46121,1,'Doctor employee and explain only look. Bit face this pretty face only.'),(4163,65822,18650,12991,2,'Add college improve big food. Middle put attention evidence position.'),(4347,55783,46517,28695,1,'Consumer light poor learn budget interesting way. Dinner start debate environment. Former stay less by tonight war. Recently much song sing idea.'),(5489,90045,29411,98863,4,'On spring can ever beat later southern. Support option bed ok pattern American physical. Service yes region and difference beyond perform manage.'),(7034,38766,97759,50000,3,'Shake against relate company treatment he.'),(7177,48745,13851,26813,2,'Citizen reality seem air seven. Management guess evidence authority. Upon power certain order ago south hour.'),(12618,19501,39400,12991,2,'Authority worry play. Sit ten strong price black around capital. Federal sing young everyone. Help positive need wife production scene help.'),(13082,55783,45660,43149,4,'Threat assume seat up. Save along act east walk charge. By moment career accept break.'),(13594,89534,53428,980,2,'Form mention center open area magazine. Direction watch relate during walk.'),(13922,63542,31292,7460,2,'Tend high popular anything include provide section. Live city sense various project perform age before.'),(15070,61885,39400,84167,1,'Produce low home debate window. Player least like.'),(18851,81136,56803,63821,3,'Pressure box local run particularly. Whole although local against season. Some employee green approach owner network.'),(19479,63542,86815,39079,3,'About collection federal identify coach chair. Right provide production catch. Evidence difficult check sort add.'),(19530,47866,97759,84167,4,'House which board tax grow TV quickly. Laugh PM include trade. International our yard sell view.'),(19662,71069,53440,58248,1,'Remain property report drop dream animal rich. Compare indeed yard enjoy case.'),(20006,17401,80156,39079,1,'Fast market heart more. Everybody soon cold begin.'),(21085,55783,26528,25894,2,'Reduce much town lose although purpose student. They whom final despite theory.'),(21623,19501,22403,46121,2,'Course commercial floor rock specific. Reveal avoid machine kitchen relationship face care.'),(21728,662,4185,33790,5,'Then force rich factor business lay yes. Wait return design item.'),(22242,65822,79652,22577,1,'Provide company fast election team win agreement. Book statement the project where beat research financial.'),(22825,33331,26133,84167,4,'Thus like probably but hot nation. Eight eight although across. Yet clearly do part.'),(23888,74079,80156,20461,4,'Always another me eight part cup. Paper important approach among foreign.'),(24323,99156,85983,39171,1,'Right arrive try must despite science customer sell. Him including break few design.'),(24864,19794,9687,51324,3,'Offer performance rate way me race politics present. Including Congress six travel effort south. Turn smile might effort check.'),(24924,23232,42557,11855,2,'Send including decade long hard day red. East approach thought speak guy allow age.'),(27470,74137,27618,84167,4,'Enter might clearly certainly TV lay. Change change strong physical treatment brother.'),(28027,13819,20375,50086,3,'Whether remain simply or. Especially computer machine. Player per fast ball admit.'),(29147,59072,10276,5280,4,'Situation memory create together various. Some model order fly so.'),(29150,23105,94243,13586,2,'Sound knowledge range somebody spring week end. Major seek later. Every color head suffer.'),(30218,49341,77985,51654,3,'Season miss whose. Note worker tax range PM.'),(30277,21171,29579,13586,4,'Interview data present fly minute employee leader follow. Message price it lead within tend opportunity. Green wrong step ability responsibility condition.'),(30375,46170,56803,76740,3,'Campaign three total citizen happy skin decade. Sure name story again where their resource economic.'),(31023,46458,77985,23192,4,'Evidence discussion arm significant reflect person down. Clear own per. Clear rule go contain Mr.'),(33493,42031,77985,70600,3,'Off develop movie of service health church born. Agree skill though art charge member.'),(34343,29593,35493,39171,3,'Nation apply sort place really day on change. Decade project religious each market.'),(35299,38766,37383,65570,4,'Institution close person food head citizen. Sort nature whether far enough present. Husband along attention.'),(35660,75493,44706,33790,2,'Different account hair myself public either agree. Us enough sea sit. Establish moment anything alone another.'),(35888,83546,4664,94944,1,'Born give start lead such tonight. Visit difficult know financial someone wife door. Attention represent technology agree population director.'),(38337,38963,4185,52503,3,'Say Republican site fly prove. To fear level woman.'),(39026,38766,86815,10758,2,'None southern various claim. All thousand PM ability say site.'),(40129,93286,73907,75286,3,'Vote both onto step east. Day hit act activity else kind whose. Appear before usually share. Field pretty model five but way degree.'),(40771,56987,29411,10758,3,'Believe decade girl use lead matter deal per. Population air write movie do for.'),(42618,23044,85983,83970,2,'Into grow structure performance. Cut begin prepare already prove carry available.'),(45170,23232,29579,39079,4,'Forget doctor garden. Local region political human. Lay early speech allow.'),(45236,11230,24746,88261,2,'Section yourself its while. Mission happen rich point explain.'),(45979,67346,10276,980,2,'Live about begin hit land stand the. Herself style member.'),(47759,38766,54363,88261,5,'To class audience. Require suddenly field rather identify pattern. Method door everybody chance.'),(48027,48745,70517,86950,4,'Camera Mrs care central none. Summer later simple official nothing last.'),(49186,46458,45660,6759,2,'Seat north chance peace. Would challenge gun may professor perform often. Century plant study forward upon end.'),(51075,84034,79652,13586,3,'Thousand four happy science especially drop go. Expect miss book minute several. Popular necessary sign anything story natural tend them. Production career life me physical.'),(52396,74674,94243,78344,2,'Culture material scientist. Probably eye follow parent task down yourself.'),(53920,19150,45660,76960,5,'Wind hear ten article. Win yeah century offer throughout baby government. Soldier even quality.'),(54388,59072,2886,28075,1,'Best line professional total born follow. Star family Democrat his subject.'),(55146,31128,38646,93430,1,'Likely half use indicate cover. Or deal bag table though our interview traditional.'),(57908,65822,20375,78344,2,'Leader show fast must democratic throughout always.'),(59306,662,44618,54270,4,'Avoid billion base. Look available detail task agreement bill. Somebody impact professor.'),(59833,51735,66383,83780,4,'Movie else board Congress. Training professional not value. Rather happy usually hand best whom.'),(60035,81136,93546,71350,5,'Write word fill street above my go play. West ok nice call few price employee traditional. One data or factor eight world peace responsibility.'),(60306,80176,7230,22577,2,'Especially herself computer far. Probably late agency point hair. Case entire memory hour. Computer would project skill.'),(63585,73212,26528,23192,4,'Enter force thus recently than federal activity Mr. Fund staff baby who on. Mission several TV pretty hand listen.'),(64226,50031,77985,6759,3,'Tend instead difference. Fight national two over pick soldier tax.'),(64552,51169,75681,12769,5,'Language artist radio still strategy avoid. Prove behind total mission of.'),(64841,46170,20375,76570,1,'Watch trip story market middle certain per.'),(65061,87585,44618,13586,5,'Help different health accept rich wrong. Wear perform past left perhaps part consumer. Science hold capital yes officer.'),(65188,84048,94243,94900,2,'Name know since score minute modern. Someone model sell. Today language may bed stock become.'),(65877,24904,26308,63821,4,'Stay see soon security painting.'),(65881,14383,26528,41574,3,'Party career during modern role site. Walk their camera from yet out prove. Various single foreign at.'),(66713,18410,44304,86950,4,'Despite right say chair scientist sometimes. Item several recent.'),(66805,31495,70517,26813,2,'Place ground look quite reason. Foot building somebody federal.'),(68047,6795,90275,22902,5,'Throughout its level bring. However few because always until page.'),(68118,21866,31395,80946,3,'Development case security like. Action record leave doctor huge again charge. Hit yes our situation. Effort economy able step keep carry.'),(68549,4775,54363,41137,2,'Organization yourself easy explain conference I. Realize center young. Almost trip majority home worry.'),(68612,59889,26308,90043,3,'Fight herself measure into. Free six front close similar risk.'),(68633,55783,55513,73769,1,'Music few despite create who like staff. Hear information him town.'),(69699,75493,55513,60509,1,'Beyond region especially collection this political. Five less late father.'),(70466,46170,13851,88907,5,'Today artist learn hot. Season other floor value today computer service weight.'),(74482,75493,86815,94900,4,'Pretty training wide technology opportunity unit. Dream clear phone world government budget issue.'),(74675,24904,59243,41137,1,'Under off as benefit. Star professor share including laugh. Subject newspaper shake you town course become term.'),(75352,31481,54363,85940,5,'Direction establish rule source well look. Consumer happen pull.'),(76729,55570,57831,87511,2,'Tough father guess each. Check police deep water million board process. Party husband part audience cost.'),(77162,87585,23591,81949,2,'Movie world six help shake four mention. Material edge better tell suffer.'),(78506,99935,66706,58147,5,'Foreign there site participant. Eat individual grow reduce cause table list. Sit should southern shake structure condition. Why break similar fear.'),(79669,93802,44706,13586,5,'What ready relationship everything if. Which tough hand town. Really keep fast political allow.'),(80398,22106,73907,30862,2,'Sense Congress activity standard.'),(80918,24904,91275,39126,5,'The their song its. Individual effect beautiful sea. Officer eat clear she agreement.'),(85508,64440,80156,80946,4,'Already positive rule whole. Order stuff time age control. Answer past year off.'),(87505,18410,98080,32076,3,'Would age bill able could wear. Relate five sea news those foreign. Enter figure college far certainly.'),(88395,59072,9687,18586,1,'Result chance probably job. Today Republican play quickly range determine something.'),(90482,77911,20375,90043,2,'Marriage south reality. Memory near indicate class reflect court coach.'),(93023,67346,41944,82535,1,'Age manage event agency plant give wall. Likely choose represent kind subject. Dream chance crime because prove.'),(93612,99156,93546,85940,3,'Experience boy kid so situation away need. Describe require feeling.'),(97743,26834,56097,46108,1,'Red less talk. Similar first seven. Maintain current technology interesting.'),(97929,74137,29411,76960,2,'Catch would discuss after send first strategy range. Amount during present a make others. Play part product beat wait program carry.'),(99522,67375,93546,93430,4,'Director seven long home. Road great down garden.'),(99968,49341,24746,65750,2,'Short soldier station election upon situation ago. Moment professor science over improve tend else course. Write anything anything several.');
/*!40000 ALTER TABLE `reviews` ENABLE KEYS */;
UNLOCK TABLES;

--
-- Table structure for table `tours`
--

DROP TABLE IF EXISTS `tours`;
/*!40101 SET @saved_cs_client     = @@character_set_client */;
/*!50503 SET character_set_client = utf8mb4 */;
CREATE TABLE `tours` (
  `TourId` int NOT NULL,
  `TourCode` varchar(500) DEFAULT NULL,
  `StartDate` date DEFAULT NULL,
  `Day` int DEFAULT NULL,
  `Night` int DEFAULT NULL,
  `Photos` longtext,
  `DateCreated` datetime DEFAULT NULL,
  `Status` bit(1) DEFAULT NULL,
  `DestinationId` int DEFAULT NULL,
  PRIMARY KEY (`TourId`),
  KEY `FK_Tours_Destinations` (`DestinationId`),
  CONSTRAINT `FK_Tours_Destinations` FOREIGN KEY (`DestinationId`) REFERENCES `destinations` (`DestinationId`)
) ENGINE=InnoDB DEFAULT CHARSET=utf8mb4 COLLATE=utf8mb4_0900_ai_ci;
/*!40101 SET character_set_client = @saved_cs_client */;

--
-- Dumping data for table `tours`
--

LOCK TABLES `tours` WRITE;
/*!40000 ALTER TABLE `tours` DISABLE KEYS */;
INSERT INTO `tours` VALUES (881,'16212','2023-08-02',16,15,'Executive information detail small series statement. Probably level leg TV stage across result. Let law see without crime.\nQuality member bill build bit forward. Brother event night thought level.','2023-06-21 13:41:48',_binary '\0',72112),(2886,'70201','2023-11-17',5,4,'https://dummyimage.com/297x493,https://placekitten.com/70/420,https://picsum.photos/625/959,https://placekitten.com/704/165,https://placekitten.com/991/439','2023-05-22 18:25:26',_binary '',28075),(4185,'4733','2023-11-10',14,13,'https://picsum.photos/44/360,https://placekitten.com/201/940,https://placekitten.com/433/383,https://picsum.photos/702/576,https://placekitten.com/90/308','2023-04-03 23:02:59',_binary '\0',81949),(4664,'45238','2023-10-25',16,15,'Do up address skin peace. Country seat go offer join alone choice standard.\nInvolve experience exactly tonight scene plan. Woman official fall once available power enter space.','2023-06-26 20:59:43',_binary '\0',71547),(5169,'91078','2023-07-06',5,4,'https://dummyimage.com/335x508,https://picsum.photos/986/988,https://dummyimage.com/628x402,https://placekitten.com/393/785,https://dummyimage.com/322x51','2023-08-09 12:02:07',_binary '\0',9741),(5527,'26580','2023-07-03',12,0,'https://placekitten.com/319/711,https://placekitten.com/734/916,https://picsum.photos/1011/225,https://placekitten.com/998/884,https://dummyimage.com/406x876','2023-01-27 08:29:29',_binary '',32076),(7230,'64332','2023-04-13',28,27,'Day able particular source gas leg. Perform east entire former despite race building phone.\nMaybe list go per myself upon pretty thousand. Shoulder last policy fly process.','2023-11-01 06:54:04',_binary '\0',72112),(9687,'72308','2023-09-04',17,16,'Anyone group suddenly price race bring hot.\nSpecific size be arrive third up.\nKid especially door reveal travel must crime. Adult available alone quite shake book.','2023-10-24 06:08:40',_binary '',13586),(10276,'54475','2023-09-17',5,4,'https://placekitten.com/1002/168,https://placekitten.com/536/624,https://placekitten.com/951/336,https://dummyimage.com/556x844,https://picsum.photos/442/159','2023-06-26 05:38:29',_binary '\0',61303),(12878,'4870','2023-06-01',5,4,'https://dummyimage.com/74x887,https://dummyimage.com/80x877,https://picsum.photos/381/4,https://picsum.photos/250/225,https://placekitten.com/329/862','2023-11-18 08:12:11',_binary '',24072),(13851,'87110','2023-03-24',28,27,'Decide low though course opportunity task again bring. Whose begin senior boy. Once write cup table by member.','2023-04-13 07:08:16',_binary '',65570),(14540,'80629','2023-01-23',22,21,'State at when trip.\nBe production free. Man for protect character she try body whether.\nRepublican world go tonight store training. They wrong show court man at surface kind.','2023-07-30 06:22:40',_binary '',47216),(18650,'22300','2023-05-24',7,6,'https://dummyimage.com/307x92,https://placekitten.com/187/486,https://dummyimage.com/459x91,https://dummyimage.com/385x125,https://picsum.photos/907/251','2023-02-05 11:35:49',_binary '\0',39126),(20111,'28477','2023-11-08',10,9,'Land name fast. Artist institution responsibility girl. Despite career lead investment something pick table.\nLight though street health in left significant. Audience popular tree large step million.','2023-08-05 20:16:26',_binary '\0',41137),(20375,'28461','2023-03-09',7,6,'https://picsum.photos/796/716,https://placekitten.com/804/659,https://picsum.photos/314/506,https://dummyimage.com/35x733,https://dummyimage.com/240x48','2023-08-20 23:44:35',_binary '\0',39079),(20537,'28339','2023-04-30',14,13,'https://picsum.photos/604/32,https://placekitten.com/658/502,https://dummyimage.com/301x241,https://placekitten.com/558/425,https://picsum.photos/425/146','2023-07-01 01:37:09',_binary '',18586),(20783,'26117','2023-04-27',17,16,'Reality would community trip attorney daughter hand. Sing usually finally base. Inside relationship at establish this participant up. Across up drop do money air security.','2023-11-19 08:45:13',_binary '',62827),(22403,'92699','2023-03-31',16,15,'Appear policy end time year argue. Only even ahead there should imagine.\nBody work left happen. Instead world fund grow value exist section.','2023-03-12 20:41:34',_binary '\0',22511),(23591,'18948','2023-03-09',14,13,'Accept large board tough involve any. Put suddenly suddenly apply. Fact majority set art have food watch.','2023-09-22 20:10:21',_binary '',50000),(24746,'21591','2023-11-02',30,29,'President chair face ready site contain population however. Rise carry long collection memory. Truth country billion north.','2023-11-24 21:43:32',_binary '\0',62827),(26133,'18285','2023-07-28',8,7,'Fear worker dream political house figure.\nInstead oil grow senior technology science take. Man accept vote age direction thought article.','2023-03-23 13:17:10',_binary '\0',46121),(26308,'53483','2022-12-21',3,0,'https://placekitten.com/319/711,https://placekitten.com/734/916,https://picsum.photos/1011/225,https://placekitten.com/998/884,https://dummyimage.com/406x876','2023-05-04 08:53:17',_binary '',45335),(26528,'95569','2023-03-14',6,5,'Through land wonder hundred southern. Popular shoulder thing exist open include may.\nTreatment wear trade series.','2023-01-23 11:07:22',_binary '',11324),(27372,'28929','2023-02-19',7,6,'Phone child travel audience establish finish. Table believe visit allow.\nThreat site series me account perhaps him. Region west spend industry enough. Anything how approach surface indicate.','2023-03-23 18:53:51',_binary '',51596),(27618,'3643','2023-09-11',6,5,'Shoulder which officer whether. Perhaps TV television mother major guy guess room. Skin natural professor.','2023-02-09 18:52:19',_binary '',65750),(29411,'66298','2022-12-04',28,27,'Special reach available commercial indicate talk result. Affect reason however including coach region. Realize degree Democrat.','2023-08-07 09:11:01',_binary '',93518),(29579,'17298','2023-10-14',4,3,'Leader against hit great foot. Method so leg type cost table. Investment collection agree people sound church fill.\nElection citizen others. Kitchen upon language soon religious.','2023-07-07 08:37:56',_binary '\0',42413),(31292,'82005','2023-05-11',7,6,'https://picsum.photos/376/858,https://dummyimage.com/501x1009,https://picsum.photos/534/434,https://picsum.photos/289/883,https://picsum.photos/120/385','2023-08-11 20:05:00',_binary '',15967),(31395,'52998','2022-12-06',26,25,'Open race support top close. Not Republican important among board.','2023-09-10 18:42:42',_binary '',72112),(34672,'48633','2023-01-31',6,5,'https://placekitten.com/997/754,https://picsum.photos/922/986,https://picsum.photos/111/893,https://picsum.photos/206/984,https://picsum.photos/92/131','2023-05-17 03:24:04',_binary '',28075),(34987,'55254','2023-10-01',9,8,'Art miss owner accept prepare. Adult standard above increase Congress. About reach recent use responsibility.\nLeg stock heart doctor bring per.','2023-02-07 17:54:08',_binary '\0',94229),(35026,'25371','2023-06-26',21,20,'Save indeed occur human forget just commercial. Nature recent government clear may game.','2023-09-30 00:40:13',_binary '\0',45335),(35493,'89722','2023-06-20',7,6,'Raise office set music stuff modern do. Consumer strong clearly which network finally.\nHear heavy one concern medical will analysis. Hold mean as into side. Development something past.','2023-03-14 01:46:22',_binary '\0',28075),(36309,'77504','2022-12-24',29,28,'Research animal site authority cover off air themselves. Can trip impact which west various agreement. Rather hand would mind.','2023-08-24 12:25:57',_binary '',41137),(36897,'69618','2023-02-04',14,13,'Here finally follow thousand. Audience animal so build involve black management be. Paper theory get know.','2023-05-18 10:56:23',_binary '\0',65570),(37383,'10459','2022-12-26',27,26,'Life hundred so social realize. Chance tax policy responsibility stand stand.\nManagement religious can she green Mr toward player. Allow resource land summer operation mean vote.','2023-07-21 20:39:18',_binary '',88261),(37612,'41699','2023-03-19',9,8,'https://placekitten.com/965/954,https://picsum.photos/975/418,https://picsum.photos/481/38,https://picsum.photos/105/839,https://picsum.photos/67/199','2023-08-15 18:03:11',_binary '',42413),(38237,'86278','2023-11-21',15,14,'https://placekitten.com/699/462,https://placekitten.com/796/158,https://dummyimage.com/365x945,https://dummyimage.com/470x668,https://picsum.photos/543/768','2023-02-03 08:02:45',_binary '\0',23192),(38646,'76357','2023-11-16',19,18,'Pattern development radio rise.\nReport attack treat decide. Despite approach red everything others. Teacher after kid practice get.','2023-02-02 14:29:54',_binary '\0',25894),(39400,'71002','2023-05-30',10,9,'Forget teach let need evidence. Mother option within what.\nReveal better there send. Worry develop PM fine analysis. Music hour issue say society want.','2023-09-29 10:09:26',_binary '\0',9741),(39990,'65185','2023-01-16',26,25,'Half cold try big southern simply west.\nClass economy plant appear public pay give. Meeting bag computer chance position ok she.','2023-07-14 05:21:55',_binary '\0',41574),(41944,'39345','2023-06-01',9,8,'Congress adult feel image read. Campaign determine arm information account seat fill. Maintain year decade this character read process.\nDraw capital claim heart go maintain.','2023-04-02 20:36:11',_binary '\0',41574),(42557,'71719','2023-08-03',9,8,'https://placekitten.com/373/550,https://dummyimage.com/641x70,https://dummyimage.com/417x491,https://picsum.photos/751/885,https://placekitten.com/314/902','2023-11-09 15:37:26',_binary '',68514),(44018,'40076','2023-04-20',29,28,'Walk little old address class speak. Century everybody thing worry organization concern way.\nLarge reality within break everybody would spend.','2023-03-05 17:26:39',_binary '',50086),(44278,'3749','2023-07-18',17,16,'Born head lead test. During security entire us already. Pm general once become gas probably.\nWish century over suddenly talk size. Start more why two believe Republican good.','2023-07-29 00:42:33',_binary '',81949),(44304,'76630','2023-05-14',4,3,'Culture follow knowledge today build late theory. To future whose call recent.','2023-01-17 16:23:59',_binary '',22577),(44618,'4081','2023-07-07',20,19,'Stage investment again commercial talk. Bed minute sort ahead. Agency various hard yard writer fear woman.','2023-06-05 06:24:01',_binary '',11855),(44706,'95892','2023-04-18',14,13,'https://dummyimage.com/143x183,https://dummyimage.com/802x945,https://picsum.photos/659/654,https://dummyimage.com/51x623,https://dummyimage.com/905x885','2023-10-02 02:57:35',_binary '\0',51324),(45660,'70363','2023-05-13',13,12,'North along computer time place must plan foot. Two quite near establish. Debate hard get he leader church article.\nField prevent within onto. Professional culture drive clearly.','2023-02-06 16:26:07',_binary '',47216),(46517,'56539','2023-08-26',3,2,'Life special war company leader wear. Choice any drug mother.\nSkin cause true my large enough develop. Professor guy at hospital military.','2023-01-13 00:36:01',_binary '\0',10758),(46537,'4554','2022-12-09',29,28,'Issue action concern conference idea affect. Only fight peace smile current say along child.','2023-10-17 07:26:21',_binary '\0',50086),(49009,'58505','2023-02-23',13,12,'https://picsum.photos/324/570,https://dummyimage.com/91x573,https://picsum.photos/1000/689,https://dummyimage.com/967x587,https://picsum.photos/290/707','2023-01-14 11:33:19',_binary '\0',84167),(49144,'92146','2023-04-27',26,25,'International road them worry. Base upon wear return its bring force. Light work late talk this west.\nLikely because easy scene job. Bring toward speech appear scientist pass food.','2023-02-09 09:59:28',_binary '\0',61303),(49956,'11778','2023-11-10',22,21,'Again drive establish certainly night. Group left around message reason.\nAnd serve everyone bed. Each why program page doctor push former raise. Reach ability charge necessary.','2023-01-04 18:06:12',_binary '\0',39079),(52315,'71179','2023-11-23',26,25,'Sort son purpose determine. However fall military hour world. Practice food our.\nDown child issue ball direction listen role.','2023-09-18 10:04:49',_binary '',50086),(53428,'28535','2023-03-31',23,22,'In maybe wall million and daughter.\nEver minute strategy enjoy third serve. With yeah population cause. Nature really up who run. Politics could challenge system development number natural.','2023-06-13 12:00:27',_binary '',32981),(53440,'11091','2023-06-21',21,20,'Current away audience cause writer. Nearly notice fine over film church above late. Surface right life machine type free side.','2023-03-27 00:36:14',_binary '',18586),(54363,'22003','2023-02-21',27,26,'Thing situation soon continue music month. Travel also poor.\nEconomic partner public. Care can summer successful consumer.','2023-01-17 12:18:17',_binary '\0',29535),(55015,'34222','2022-12-15',19,18,'Half of include like. Too thousand wear science.\nLeave investment economy vote throughout control. Interest cultural tell compare. This those account memory. Lawyer firm trip beyond.','2023-06-27 10:35:01',_binary '\0',18586),(55513,'91339','2023-05-08',24,23,'Three pick brother subject eight. Everybody Republican inside example spend floor. Money save company bed rate place young.','2023-03-12 10:17:51',_binary '\0',83780),(56097,'99479','2023-07-02',8,7,'Five state fear. Stand job owner American current like. Cup seem hope expert. Chance family class.\nLife school work. Draw hospital mention majority. Listen student court per with although.','2023-05-24 02:43:14',_binary '',83780),(56792,'46512','2023-09-22',14,13,'https://dummyimage.com/391x572,https://placekitten.com/281/1016,https://dummyimage.com/832x397,https://dummyimage.com/942x455,https://picsum.photos/331/290','2023-06-19 15:47:35',_binary '\0',58248),(56803,'7206','2023-06-09',25,24,'Pm face compare discuss effect. Win five law involve. Policy develop artist traditional evidence college.','2023-08-13 07:02:43',_binary '\0',41137),(57831,'37962','2023-11-02',15,14,'Hard sort them compare cultural play financial. Fill house catch too.\nA thus left.\nMeasure shoulder thought fall.','2023-01-08 12:20:26',_binary '',63745),(58149,'38506','2023-11-27',4,3,'Baby election remember fire almost. Address let heavy table.\nWater act total certainly. Officer leave should baby.\nOrganization dinner take guy. That into current.','2023-07-24 10:04:09',_binary '',50086),(58412,'50900','2023-11-26',25,24,'Year recently available seem hundred. Respond author allow far space decade.\nRepublican rest fund Mrs marriage. Our paper outside allow since option building.','2023-04-13 10:16:11',_binary '',23192),(58642,'62900','2022-11-30',12,11,'Pattern trial ball across hold. Bad sister assume ever father avoid.\nAnyone attorney toward item memory though whole. Identify generation drug.','2023-07-26 00:42:19',_binary '\0',94229),(59243,'55434','2023-03-18',5,4,'Economic seat much worry magazine too believe. Take not consumer trade.\nAgent upon management send. Feeling official suddenly center push only.','2023-07-21 02:53:55',_binary '\0',6759),(62749,'39831','2023-03-10',7,6,'Effect computer why. Turn close buy seem find story garden. Laugh watch suffer image north when measure.','2023-03-24 14:44:00',_binary '',39079),(65526,'79954','2023-01-22',24,23,'Baby rule join hard factor day. After whose stand name. Admit such behind film.\nBad during next popular. Some indeed sound better. Least physical agent of finally.','2023-05-13 21:04:52',_binary '',94229),(65618,'91329','2023-06-04',8,7,'Sit property those include. Yard team order beautiful teacher economic successful. Push result computer hospital although bill time.\nForce its note true weight order plant. Start protect how law per.','2023-02-22 18:20:47',_binary '',54270),(65864,'37092','2023-01-03',15,14,'Final ever plant woman national pay. View director near quality may out. Play situation heart day significant window price. Dog simple man sure but actually.','2023-06-06 18:27:43',_binary '\0',94900),(66383,'35064','2023-02-11',6,5,'Option radio other husband. First learn left race administration. May machine almost truth.','2023-08-17 09:31:47',_binary '\0',76570),(66706,'49336','2023-01-13',12,11,'Beyond hour far purpose two really civil against. Foot part color across speech.\nUnder door west rate after medical. Down officer soldier family safe population left focus.','2023-07-02 08:15:40',_binary '\0',15967),(67080,'51629','2023-05-24',26,25,'Pick entire go happen. Try unit bank school share to him. Home second director stay practice society. Peace record present energy once rise herself.','2023-09-11 07:37:20',_binary '',10758),(67169,'66316','2023-02-14',14,13,'Music might poor property result. Evening news trial turn series bag market.\nSince tough analysis. Hotel evening both sure after. Movement need leg your.','2023-05-20 10:37:59',_binary '',52503),(68386,'61600','2023-10-05',20,19,'Painting camera area. Visit leave production type. Draw fact teach few meet low.\nDo bag upon world indeed sea. Discussion line still born. Born late walk stock.','2023-02-23 10:59:28',_binary '\0',50086),(69183,'52774','2023-07-13',15,14,'Much chair care in. Particular base him include speech. Want shake country theory. Become increase build today discuss.','2023-01-21 10:47:10',_binary '\0',46121),(70517,'18006','2023-10-06',28,27,'Show evening suggest tax worry its young. Seem perform ask itself indeed dog. Much career tend rest skill.\nWest according never analysis collection. Practice list provide.','2023-05-07 17:07:24',_binary '\0',63821),(71882,'97657','2022-12-15',21,20,'Man put like difference but. Society look half none play teacher.\nNone career building interesting work kind book. You task system article. Room trouble officer particularly.','2023-05-06 00:45:13',_binary '\0',11855),(73907,'15810','2023-05-27',24,23,'He although peace it truth. Agency rest station need billion. Agent phone according teacher particular mind strong. Hair benefit your rock.','2023-09-04 09:25:18',_binary '\0',55765),(75673,'5861','2023-06-14',3,2,'Toward building by force employee. Cause involve remain nothing various.\nFather book walk seem maintain safe. Explain those line heart compare. Administration as raise woman group guy personal fly.','2023-04-28 21:26:31',_binary '',30862),(75681,'28362','2023-02-23',12,11,'https://dummyimage.com/11x291,https://dummyimage.com/27x183,https://placekitten.com/707/964,https://dummyimage.com/981x169,https://picsum.photos/591/946','2023-01-21 22:41:19',_binary '',88907),(77985,'46164','2023-06-07',19,18,'Account agency brother to quality. Left next quite me resource lose opportunity. Building toward quite wait movie.','2023-02-01 18:57:43',_binary '',90043),(79652,'73578','2023-01-12',25,24,'Same investment national record plant religious. Put hit ground hold could include. Different than break situation.','2023-08-22 01:22:52',_binary '',97864),(80156,'8212','2023-07-10',3,2,'Prevent none bank far us these. Down not purpose painting key brother dinner.\nArt such hope. Analysis article wonder such speech agree quality.','2023-09-28 05:40:18',_binary '\0',62827),(81886,'84749','2023-02-12',25,24,'Interview mind big modern often paper road show.\nMany sit itself community. Service give couple lose candidate. Woman white let.','2023-02-14 14:58:57',_binary '',91226),(85176,'4831','2023-11-26',25,24,'Head stage American themselves. Dark race feeling build up.\nSingle thought old religious. Figure natural feeling garden sit process.','2023-02-13 13:24:01',_binary '\0',91226),(85983,'92666','2023-10-03',23,22,'Grow fact herself last bed outside. Case stock start both large project role. Deal particular who star include.\nFull particular it partner water happy. Forget away tonight around door hour.','2023-01-28 06:09:15',_binary '',75286),(86815,'34768','2023-05-02',7,6,'Lay make story term nice. Image short word rule everyone last good. Time movie crime much fact citizen.\nMr writer future training. Somebody better test minute race. Big prevent eat then.','2023-07-04 01:53:41',_binary '',98863),(87094,'37866','2023-11-13',27,26,'Or else foreign lawyer. Process human author pattern with meet song.\nSeason same worker partner daughter sister. Kind activity court one general movie become.','2023-04-14 22:22:09',_binary '',91226),(90275,'41061','2023-02-17',20,19,'Always imagine improve people practice take. Figure lot question director movement. Rise if mission structure.','2023-02-12 15:47:36',_binary '',63745),(90579,'24814','2023-09-16',23,22,'Both nice half table wear tend reveal professor. Low charge clearly which role in six.','2023-05-30 00:41:14',_binary '\0',94229),(91275,'72346','2022-11-30',29,28,'Impact themselves wall summer indeed case stuff. Customer election marriage one green day why. Eye catch baby class wait yes when particularly.','2023-11-15 13:42:10',_binary '\0',62827),(91968,'125','2023-08-19',27,26,'Morning situation detail cold society. Law away over alone all explain more. Possible huge production increase investment.\nToday moment ask door.','2023-04-24 06:28:40',_binary '',7859),(93522,'31790','2023-10-24',7,6,'https://picsum.photos/341/742,https://placekitten.com/187/937,https://placekitten.com/195/551,https://picsum.photos/11/219,https://picsum.photos/977/54','2023-06-22 07:40:40',_binary '\0',41574),(93546,'86166','2023-10-31',3,2,'Approach party evening. He car attack time follow soldier.\nTen word paper man.\nFirst let medical through here.','2023-08-07 11:58:03',_binary '',63745),(94243,'94153','2023-07-13',29,28,'Today dream value place carry. Probably defense would follow approach part live. Citizen cup including from.','2023-07-07 10:25:32',_binary '\0',81949),(97759,'89521','2023-06-12',27,26,'Five pass rock town process street. Onto soldier idea window. Would call research black much.\nCommunity office real that cost nor. Cover likely measure red drop. Now herself human.','2023-03-23 08:30:40',_binary '\0',68514),(98080,'65773','2023-11-14',18,17,'Brother from adult. Study Mr seem into PM discover against north. Media room level order all factor.','2023-06-03 00:12:35',_binary '\0',63821);
/*!40000 ALTER TABLE `tours` ENABLE KEYS */;
UNLOCK TABLES;

--
-- Table structure for table `tourtranslations`
--

DROP TABLE IF EXISTS `tourtranslations`;
/*!40101 SET @saved_cs_client     = @@character_set_client */;
/*!50503 SET character_set_client = utf8mb4 */;
CREATE TABLE `tourtranslations` (
  `TourtranslationsId` int NOT NULL,
  `TourId` int DEFAULT NULL,
  `LanguageId` varchar(10) DEFAULT NULL,
  `Title` varchar(500) CHARACTER SET utf8mb3 COLLATE utf8mb3_general_ci DEFAULT NULL,
  `Content` longtext,
  PRIMARY KEY (`TourtranslationsId`),
  KEY `FK_TourTranslations_Languages` (`LanguageId`),
  KEY `FK_TourTranslations_Tours` (`TourId`),
  CONSTRAINT `FK_TourTranslations_Languages` FOREIGN KEY (`LanguageId`) REFERENCES `languages` (`LanguageId`),
  CONSTRAINT `FK_TourTranslations_Tours` FOREIGN KEY (`TourId`) REFERENCES `tours` (`TourId`)
) ENGINE=InnoDB DEFAULT CHARSET=utf8mb4 COLLATE=utf8mb4_0900_ai_ci;
/*!40101 SET character_set_client = @saved_cs_client */;

--
-- Dumping data for table `tourtranslations`
--

LOCK TABLES `tourtranslations` WRITE;
/*!40000 ALTER TABLE `tourtranslations` DISABLE KEYS */;
INSERT INTO `tourtranslations` VALUES (77,44618,'doi','Sport significant accept front.','Appear special we education happen point. Issue data cut tend with success. Site address simply mouth.'),(3473,27372,'ha','Current although top.','Must wish charge though. Office whole message thank. Main let grow interview nor easy.'),(4472,98080,'nhn','Try line paper bad ready again camera.','Give front name call family. Father may late fire push sport west. Budget city say for.'),(5481,73907,'kl','Herself language appear general public peace drive.','Edge than bar do able. Person message picture enjoy game commercial sound. Together clear new cell.\nDifferent least off wife around goal difference. Statement green certain easy success.'),(5776,20537,'pa','Memory community ready enjoy brother.','Turn east able guess green beyond music. Leader low player.\nRule national environment chance take. Possible day Mr too thus Congress. Car bit Democrat improve military eat whose.'),(6973,44618,'yi','Create inside level production now loss position.','Soon write whose who really measure. So goal set child gas history option. Above drive movie house attention base major performance.'),(8292,27372,'ks','Sense allow feel shake trial.','Protect clear agency forget actually avoid walk. One central think art. Chance over both big yourself population.'),(8509,35493,'bhb','Center military crime leave draw.','Performance design name community federal throw. Spring couple north on like.\nThere personal use discuss never where surface. Player the decide phone clear. Lawyer remain ten offer perform.'),(8645,37383,'ss','What rich free party card provide race.','Local type true catch. Especially main government able. Course political price care while open.\nChange research play body. Industry poor apply produce particular.'),(8940,31395,'or','Whatever economy remember field view after fine.','Learn light college third the live. Power anyone great it owner stage think turn.\nEconomic someone detail seem turn artist set itself. Key win paper term plant our myself.'),(9177,54363,'fur','Manage create sign executive national since organization.','Rate including indicate. Our trial those.\nDefense remember sure suffer. Allow local treat notice recently on.'),(10195,49144,'my','Determine hundred shake kid vote budget.','Just senior month former. Begin building trade. Treatment door major make bank herself.\nView hundred we then institution. Beyond here force financial own science.'),(10274,9687,'ks','Else him produce wall cost relate.','Trial space understand decade morning heavy see. Pay table too bed research pull Mrs. Capital eye step control indicate leave back.'),(13381,93522,'dz','Health suggest truth bring method push between.','Especially evening how describe research. Its economic then national board ball in. Beautiful successful debate shake life answer mission.'),(14032,85983,'gv','Partner care allow system break.','Environment budget more program sound.\nHold focus but wind song need. Operation security card by. Large tonight various particularly hospital teacher.'),(14619,44278,'or','Indeed country work candidate wind test.','Hold contain really people fall. Generation possible catch recent better live.'),(15167,67080,'yo','Benefit big maintain recognize home job.','Few federal interview popular product should member. Everybody upon other that. Election large front hundred art customer order.'),(15759,27618,'cs','Line upon college could western more seem.','Under city staff hundred common. Movie push truth bed push experience ahead. Job range effort Mrs evening.\nOf you clearly agent know. Strategy face discover. Statement time us song rest learn.'),(16065,29411,'eo','Hundred understand theory or.','List accept hand tend. Service become history human professor. Any student management those type decision smile civil.'),(17181,20537,'hsb','Happen woman fill drop happy environment.','Close indeed four either finish about me.\nParent he media college. Agree sure sort reflect.\nUnit heart ball for small ago beat.'),(17287,36897,'bg','Suggest suffer few indeed writer major.','Only candidate central teacher position mention president professional. Five tree though participant opportunity financial fall he.'),(18006,4664,'mn','Camera medical now impact take magazine hold.','Democrat brother trip middle any. Occur group move traditional nature. They court day people hand until all century. Lawyer full purpose race water left.'),(18428,38646,'hsb','Our get bit management knowledge evening.','Its image contain lose morning. Material around that hour economic feeling knowledge no.\nDuring nothing fast long threat. Marriage size room year. Baby generation per well suggest live always report.'),(18826,881,'wae','Cover growth with wide note part travel.','Gas operation usually it public image moment. Respond factor nothing increase affect keep probably.\nLaw school direction home phone. Early before church. Where kid carry there.'),(18894,49144,'gd','Sing scene baby thus start among right.','Republican note authority building anyone cut. Option feel young ask customer rule.'),(19103,42557,'bg','Admit huge mission lot business itself interesting.','Evidence answer describe watch majority cover.\nStill most inside different rate cell possible. Home I last operation may small southern. Different degree left majority nor.'),(20156,55015,'aa','Ball inside near exactly than sit send.','Summer wait listen whatever every. Democrat both need claim decision focus.\nFloor growth ago develop size response current. Laugh tax boy human agreement.'),(20466,86815,'bhb','Coach conference indeed modern reveal really.','Item much Mr above. Worker street contain season. Nothing part enjoy job brother result.\nSea city bit drive. Off degree loss here response rather color.\nCost term adult area.'),(22103,68386,'unm','In argue Mrs a life property.','War employee PM decade rock go. Thousand other power tend oil. Protect particular different.\nSay yes friend case we. President miss indicate reality do.'),(22153,31395,'iw','East pattern beautiful significant price.','Per wait safe decade watch local. Chance one street man senior.\nYoung choose remain music. She too direction share least scientist yet.\nAudience important civil though.'),(22365,38237,'ti','State baby my conference standard speak.','Such management simply.\nNight political feeling method. Morning discover number total. Note rich free think let exactly month.'),(22443,57831,'mni','Soon back together artist write.','Young partner time assume continue kind doctor. Later student study level high ten kitchen. Room budget street ask particularly.'),(22978,18650,'hsb','Brother management discuss coach us court.','Four put understand could relationship. Follow table action science who education always discover. Really quality throughout their again range others.'),(23321,66383,'gv','Item type term rock successful civil southern.','Benefit course hand teach. Former coach probably type small executive. Past often statement four product cut coach.'),(24847,85176,'oc','Western suggest draw low forward floor.','Early draw real business and financial. Still describe whom among whose.'),(25262,97759,'bo','Yet data box lot trouble.','Imagine half hotel simply support. But structure deal however exactly party. Father detail figure election free raise low.'),(25275,69183,'nb','Page day information part piece billion.','Couple third decide Republican under option trade piece. Add smile recently off cold drop.'),(27521,44018,'niu','Since technology movement phone.','Treat job wall deal four either. Fall turn tell back realize price improve. Candidate big child hot analysis.\nJob interview ten oil. None stop realize report.'),(28134,85983,'ht','Expect bit example have.','Than meet hospital early. Blood seem left right yet together way two. Career onto beat drive.'),(28812,27372,'raj','Husband second against goal wonder laugh television.','Imagine how suggest eye ground success least. Language hotel professional product body nearly. Administration TV popular cause green compare party.'),(28842,27618,'tn','Third participant policy.','Camera ahead trial modern. Brother rather out address how bring. Instead car way important.\nCommon charge spring actually example. Pick get suddenly PM staff remember note.'),(29541,90579,'cs','Need around minute.','Republican usually source entire action seven worry. Along section big many trip answer sign.\nCouple possible authority bar. Something picture story term red performance.'),(30063,7230,'sq','Plan draw be turn third collection could.','Happy specific option hot may mother job. Part start treatment admit rate. Crime structure player cell even.\nLeave growth need want mouth. Something threat tough particular.'),(30636,59243,'ayc','Sign follow production reality although myself.','Interest recognize bring gun some fish. Author a such.\nIndicate wish region forward often. May determine push discuss spring expect discuss.'),(31304,5527,'doi','Big option quality seat build generation baby.','Central fast deal where specific condition low. Eye eight meeting trial owner him.\nFeeling lay while into me involve director. Investment inside company leg.'),(31851,56803,'be','Law tend son ahead.','Teacher different TV throw structure happy. Seven contain away current.\nEverything especially from actually. Authority need product play the than candidate.'),(32763,46517,'mt','Five partner begin trade entire focus base.','Member tonight after listen particular. Simple professor author major movement let practice. Mission visit surface partner husband.'),(34359,5169,'szl','Show your culture degree.','Send me operation. Allow weight star. Action under agency.\nField mouth long activity family. Create appear question friend budget day one. Write people age later industry.'),(34986,97759,'mg','Method house player ever.','Myself development work must quality tend. One fact country bar final cup. Sound realize imagine.'),(36101,56792,'ml','Name issue knowledge north career seem size.','Eight action store however. Year charge argue customer finally hair agency drive.\nAnd nation recently become option impact star leave. Receive inside expect ball activity sure.'),(39064,36309,'se','Thus care east bag.','Move religious name nice. Change commercial enter yeah medical.\nSecurity another deal response physical edge. None fire special realize interest research. Still gun experience total Congress.'),(39095,44278,'tcy','Part wonder official change treatment.','Blood meeting apply away mission reduce toward address. Box describe on hospital speak.'),(39780,91968,'ml','Recognize eat gun.','Trouble for last. While anyone green upon wrong four.\nEarly model perform under know. Find very language away Democrat safe. Program attack when rule.'),(41853,2886,'zh','Sea oil civil through both discussion magazine.','Bring leader account director democratic. If father do paper. Window large idea chair energy.\nEver could watch. Usually avoid money agreement. Most message southern unit keep.'),(41917,49956,'el','Director year would computer work fall no.','Account life easy. Them worry measure building here. Should natural strategy next office cup size.'),(42404,29579,'ko','Performance nothing single quickly paper.','Story all community security civil medical answer wish. To wind movement region.'),(46283,29579,'pap','My interesting candidate employee.','Break true office major tough. Tax travel law though none everything morning. Listen Congress need those position mission commercial. Beautiful our interesting rise face.'),(46622,44706,'bho','Beat race management radio and never.','Major ok television practice whom radio nothing. None large candidate federal. Ball question heart piece nothing. Enter grow shoulder any any.'),(48850,98080,'szl','Attack visit hair only education fill.','Owner their because interest old bar ability bank. Girl respond few worry type prepare more level.'),(49751,55513,'lzh','Power quite that research change.','Think over character or. Also total institution charge factor keep. Family forward worker near lay.'),(50505,85176,'ka','Field decade inside head wall.','Give interview author.\nSuddenly standard another under. Pay way do view with talk send. Theory quickly state particular.'),(50767,87094,'ps','Represent others market.','Cell know media already everything mention wonder. Unit act understand concern Mr cold.'),(51948,20375,'fur','Wind carry last effect important toward sing store.','Pattern by ahead contain early bit since. Special painting both lose sound suffer red expect. Policy yeah brother worker process economic play.\nEven amount sure quality.'),(53072,67169,'km','Teacher research let edge term save condition.','Ever organization law win world. Not never teach mind.\nNeed down expect modern but bring eye. Lay their mouth plan.'),(54983,55513,'fur','Action dark break manager southern product three baby.','State form require line indicate will assume. Hour effect market attention minute huge smile. Good fund later moment.\nWhy direction feeling project expect.'),(55070,36309,'hi','Agreement tell lead TV.','True whether audience human some hotel. Management claim wall TV. Pick question will she.\nDetail hour magazine onto adult follow religious. System know left environment image economy each.'),(55799,91968,'kl','Tree decade cut discover.','Economy should consumer often without others. Science center resource.'),(56597,45660,'ur','School husband strategy more person chair thus show.','Hour new fish include.\nToday direction final for oil debate. Religious need radio public indicate avoid these.\nLay north forget trouble wonder seven end. Allow us hour dinner.'),(58128,85176,'cs','Return system single member hair hope key.','Short idea matter why garden. Race interview several decade eight drug. Ability free realize lawyer south inside.'),(58135,90579,'ga','Take expect heavy apply inside.','Interview section group industry bar theory second. Less realize capital people develop because. Send agency measure rise. Create especially mean moment sport north.'),(59470,75673,'ha','Wind forget care always actually group fear.','Card according scientist radio.\nSmall development option program take much. Reason why I hour. Recent American rich though fire high firm.\nScore artist ago. Improve middle citizen live time site.'),(62549,26308,'fur','Two detail bank money little fly.','Detail allow reason under every general ask. Young hear week fire four current.\nEspecially answer morning. Summer eat hair police world raise campaign. Still usually east all few listen.'),(62915,34987,'mn','Include inside democratic material seat.','Why everything fill push. Maybe friend several example act follow. Attorney rather me though.'),(64078,10276,'ast','Safe physical factor build audience box environmental mouth.','Those data other ten. Before official way a magazine baby city power. Significant visit center yet size think. Every check yourself same prevent decision take.'),(67558,37612,'tk','Field receive around chance parent.','Billion forget to always. Left human structure personal military on. South material but open cause street.\nAble think own provide sort. Local attention pass list generation.'),(67680,36309,'ce','Firm speak throughout safe hit factor people.','Official woman fund career.\nImage ever society agreement throughout rule local action. Set strong local away deal. Quickly protect put.\nProbably state truth. Plan guess father part here.'),(68054,70517,'dv','Whatever realize politics pretty fact assume rock left.','Care nearly item himself color value cup among. Receive service everything study change. Group fine official sea newspaper collection.'),(70288,66383,'ky','Common employee girl seem picture rich think thousand.','House prepare often bank. Miss important hotel occur international set start. Bar painting hundred near light nature. Walk treatment believe soon use national husband.'),(72762,5527,'or','Have four agreement challenge democratic.','Happy term serve buy. Sort threat kind what institution various. Computer only professor.\nAgainst true brother over without yard. Ready hundred myself next success worker.'),(73264,85983,'tr','Bar executive loss buy.','Sea whose among hospital. Product staff stuff identify attention ball. Provide listen lay. Read management teach imagine though.\nUnder appear road among spend team. Somebody manager very hundred.'),(75968,9687,'om','Executive paper send mind.','Computer third real establish simple miss they. Lot fast see would law race change. Open early speech address line chance.'),(78064,55513,'niu','South cup certain American indeed all entire.','Carry wait performance hope significant record national call. Production throughout next notice pretty painting.'),(82120,58642,'mk','Debate investment operation suffer next together.','Officer enter hotel spend next between style. Degree look cell international technology impact. Create cup commercial suggest conference best. Production nature night floor follow garden.'),(83004,66383,'wal','Center sort size someone want.','Thousand collection board onto.\nRealize their tell Mrs walk start simply. Benefit often much today individual that. Role tend actually more.'),(83573,86815,'mni','Item believe sort true allow impact institution.','Likely prevent hospital set white ten ago.\nMember why new agency forward. Government direction decision feeling management Republican. Condition enough kind card dog group top.'),(84615,7230,'unm','Eight story sort blue wind dark statement.','Series magazine southern form well time. Now season part federal safe current. Dog air side animal.\nStudy dark beat including mother. Never city scientist build.'),(85905,42557,'ru','Hope brother ago report.','Answer hit traditional western follow success smile. See experience me Republican. All feel environmental radio study behind.\nNature often other friend. Whom pattern stuff.'),(87269,41944,'is','Kitchen eat summer company evidence image good.','Off certainly else middle start. General yet which when federal need. Rise outside source cell television cell much continue.\nFront size over baby discussion city film. Away relate size.'),(87612,87094,'sc','Meeting light law nature.','Purpose require music glass two without. Administration pattern over agree machine race. Central traditional yourself. Situation lawyer point include several husband clearly.'),(88355,5169,'wae','Without office may environment him.','Dream defense who sort. Subject smile area price statement benefit. Account beat win direction space defense allow.'),(88677,75673,'nan','Nice trouble parent admit.','The scientist they population. Baby today over indeed artist change population. Rise push water pick door maybe than tell.\nOfficial particular professional land. Name along deal kitchen.'),(92114,36309,'lt','Management spend son wish together ability.','Reach range expect front. Between positive think stock case southern. Learn value near within be red write. Speak doctor yard heavy six.'),(93281,44706,'sid','Owner best security project cut.','Both bit style ahead around. Institution throughout interest.\nStation step enjoy enter. Traditional daughter official yeah issue. See voice carry cause every.'),(94467,56792,'bs','Pattern watch western particularly generation level.','Author center one have body. Fund or hope reach police. Whose far sound somebody describe conference marriage. Page usually bit hope fly heart watch keep.'),(95431,18650,'vi','Name pass half nothing no.','Imagine huge age important. Appear enough attack accept my improve exist. Could box customer science.\nEnvironment coach majority only run summer girl campaign. Them close dark law reality lot.'),(95562,54363,'ve','On staff message.','Develop arrive establish add image world car. Case watch laugh kind.\nArm human idea stock daughter before international. Paper key page threat. Instead more third.'),(96072,20111,'az','Window store physical name speech enough.','Significant move speech series. Style radio pretty yes account just. Onto south reality place from painting TV.'),(96762,57831,'si','Cultural certainly our issue mother draw way exist.','Current west age reflect production. Mrs avoid sister exactly. Imagine yeah wish.\nTerm allow tree better staff. Middle above help a. Son travel must grow.'),(98272,91968,'de','Step seem strong.','Son executive force stand success sense something. Parent write short entire happen human good.\nMarket crime network order important. Pick response find.'),(99714,79652,'ml','President Republican but hospital lay artist represent.','Effect movement compare center range sound talk draw. Red box between specific. Key might interesting network important while long.');
/*!40000 ALTER TABLE `tourtranslations` ENABLE KEYS */;
UNLOCK TABLES;
/*!40103 SET TIME_ZONE=@OLD_TIME_ZONE */;

/*!40101 SET SQL_MODE=@OLD_SQL_MODE */;
/*!40014 SET FOREIGN_KEY_CHECKS=@OLD_FOREIGN_KEY_CHECKS */;
/*!40014 SET UNIQUE_CHECKS=@OLD_UNIQUE_CHECKS */;
/*!40101 SET CHARACTER_SET_CLIENT=@OLD_CHARACTER_SET_CLIENT */;
/*!40101 SET CHARACTER_SET_RESULTS=@OLD_CHARACTER_SET_RESULTS */;
/*!40101 SET COLLATION_CONNECTION=@OLD_COLLATION_CONNECTION */;
/*!40111 SET SQL_NOTES=@OLD_SQL_NOTES */;

-- Dump completed on 2023-12-04 19:58:00
